measure_id,measure_name,location_id,location_name,sex_id,sex_name,age_id,age_name,cause_id,cause_name,rei_id,rei_name,metric_id,metric_name,year,val,upper,lower
1,Deaths,1,Global,3,Both,1,<5 years,302,Diarrheal diseases,183,Clostridium difficile,1,Number,1990,1945.931855,1945.931855,1099.756978
1,Deaths,1,Global,3,Both,1,<5 years,302,Diarrheal diseases,183,Clostridium difficile,1,Number,1991,1955.219455,1955.219455,1054.023703
1,Deaths,1,Global,3,Both,1,<5 years,302,Diarrheal diseases,183,Clostridium difficile,1,Number,1992,1864.923368,1864.923368,1056.661429
1,Deaths,1,Global,3,Both,1,<5 years,302,Diarrheal diseases,183,Clostridium difficile,1,Number,1993,1894.143676,1894.143676,1087.828902
1,Deaths,1,Global,3,Both,1,<5 years,302,Diarrheal diseases,183,Clostridium difficile,1,Number,1994,1827.187413,1827.187413,1030.137479
1,Deaths,1,Global,3,Both,1,<5 years,302,Diarrheal diseases,183,Clostridium difficile,1,Number,1995,1864.067021,1864.067021,1081.151504
1,Deaths,1,Global,3,Both,1,<5 years,302,Diarrheal diseases,183,Clostridium difficile,1,Number,1996,1870.726425,1870.726425,1045.512988
1,Deaths,1,Global,3,Both,1,<5 years,302,Diarrheal diseases,183,Clostridium difficile,1,Number,1997,1924.071845,1924.071845,1032.311408
1,Deaths,1,Global,3,Both,1,<5 years,302,Diarrheal diseases,183,Clostridium difficile,1,Number,1998,1848.776117,1848.776117,1052.23153
1,Deaths,1,Global,3,Both,1,<5 years,302,Diarrheal diseases,183,Clostridium difficile,1,Number,1999,1826.268833,1826.268833,1041.709068
1,Deaths,1,Global,3,Both,1,<5 years,302,Diarrheal diseases,183,Clostridium difficile,1,Number,2000,1810.022493,1810.022493,1037.090067
1,Deaths,1,Global,3,Both,1,<5 years,302,Diarrheal diseases,183,Clostridium difficile,1,Number,2001,1817.971069,1817.971069,1037.077448
1,Deaths,1,Global,3,Both,1,<5 years,302,Diarrheal diseases,183,Clostridium difficile,1,Number,2002,1876.840195,1876.840195,1033.158371
1,Deaths,1,Global,3,Both,1,<5 years,302,Diarrheal diseases,183,Clostridium difficile,1,Number,2003,1972.450448,1972.450448,1062.875588
1,Deaths,1,Global,3,Both,1,<5 years,302,Diarrheal diseases,183,Clostridium difficile,1,Number,2004,1964.26082,1964.26082,1150.523784
1,Deaths,1,Global,3,Both,1,<5 years,302,Diarrheal diseases,183,Clostridium difficile,1,Number,2005,2027.549142,2027.549142,1162.048201
1,Deaths,1,Global,3,Both,1,<5 years,302,Diarrheal diseases,183,Clostridium difficile,1,Number,2006,2034.828187,2034.828187,1136.760657
1,Deaths,1,Global,3,Both,1,<5 years,302,Diarrheal diseases,183,Clostridium difficile,1,Number,2007,2117.305095,2117.305095,1207.194939
1,Deaths,1,Global,3,Both,1,<5 years,302,Diarrheal diseases,183,Clostridium difficile,1,Number,2008,2186.78395,2186.78395,1163.555338
1,Deaths,1,Global,3,Both,1,<5 years,302,Diarrheal diseases,183,Clostridium difficile,1,Number,2009,2393.697543,2393.697543,1316.660261
1,Deaths,1,Global,3,Both,1,<5 years,302,Diarrheal diseases,183,Clostridium difficile,1,Number,2010,2666.838518,2666.838518,1455.912139
1,Deaths,1,Global,3,Both,1,<5 years,302,Diarrheal diseases,183,Clostridium difficile,1,Number,2011,3017.568795,3017.568795,1641.616278
1,Deaths,1,Global,3,Both,1,<5 years,302,Diarrheal diseases,183,Clostridium difficile,1,Number,2012,3247.898023,3247.898023,1725.894281
1,Deaths,1,Global,3,Both,1,<5 years,302,Diarrheal diseases,183,Clostridium difficile,1,Number,2013,3234.678236,3234.678236,1690.53294
1,Deaths,1,Global,3,Both,1,<5 years,302,Diarrheal diseases,183,Clostridium difficile,1,Number,2014,2357.136772,2357.136772,1343.708057
1,Deaths,1,Global,3,Both,1,<5 years,302,Diarrheal diseases,183,Clostridium difficile,1,Number,2015,2109.093827,2109.093827,1214.925731
1,Deaths,1,Global,3,Both,1,<5 years,302,Diarrheal diseases,183,Clostridium difficile,1,Number,2016,2124.224432,2124.224432,1225.503084
1,Deaths,1,Global,3,Both,1,<5 years,302,Diarrheal diseases,183,Clostridium difficile,1,Number,2017,2279.64143,2279.64143,1292.981921
1,Deaths,1,Global,3,Both,1,<5 years,302,Diarrheal diseases,183,Clostridium difficile,1,Number,2018,2490.817517,2490.817517,1398.03318
1,Deaths,1,Global,3,Both,1,<5 years,302,Diarrheal diseases,183,Clostridium difficile,1,Number,2019,2476.033867,2476.033867,1384.969683
1,Deaths,1,Global,3,Both,1,<5 years,302,Diarrheal diseases,183,Clostridium difficile,1,Number,2020,2171.342109,2171.342109,1217.960608
1,Deaths,1,Global,3,Both,1,<5 years,302,Diarrheal diseases,183,Clostridium difficile,1,Number,2021,2177.311938,2177.311938,1090.403951
1,Deaths,1,Global,3,Both,6,5-9 years,302,Diarrheal diseases,183,Clostridium difficile,1,Number,1990,25.15544793,25.15544793,14.07466144
1,Deaths,1,Global,3,Both,6,5-9 years,302,Diarrheal diseases,183,Clostridium difficile,1,Number,1991,24.75202878,24.75202878,14.17821996
1,Deaths,1,Global,3,Both,6,5-9 years,302,Diarrheal diseases,183,Clostridium difficile,1,Number,1992,24.5011957,24.5011957,14.05314138
1,Deaths,1,Global,3,Both,6,5-9 years,302,Diarrheal diseases,183,Clostridium difficile,1,Number,1993,24.85173043,24.85173043,14.61869054
1,Deaths,1,Global,3,Both,6,5-9 years,302,Diarrheal diseases,183,Clostridium difficile,1,Number,1994,30.68175585,30.68175585,16.45654522
1,Deaths,1,Global,3,Both,6,5-9 years,302,Diarrheal diseases,183,Clostridium difficile,1,Number,1995,24.71173774,24.71173774,14.22032044
1,Deaths,1,Global,3,Both,6,5-9 years,302,Diarrheal diseases,183,Clostridium difficile,1,Number,1996,24.38489057,24.38489057,14.2297977
1,Deaths,1,Global,3,Both,6,5-9 years,302,Diarrheal diseases,183,Clostridium difficile,1,Number,1997,24.84603993,24.84603993,14.26680566
1,Deaths,1,Global,3,Both,6,5-9 years,302,Diarrheal diseases,183,Clostridium difficile,1,Number,1998,24.43454616,24.43454616,13.90988135
1,Deaths,1,Global,3,Both,6,5-9 years,302,Diarrheal diseases,183,Clostridium difficile,1,Number,1999,23.79500839,23.79500839,13.47672864
1,Deaths,1,Global,3,Both,6,5-9 years,302,Diarrheal diseases,183,Clostridium difficile,1,Number,2000,23.20781464,23.20781464,13.54079247
1,Deaths,1,Global,3,Both,6,5-9 years,302,Diarrheal diseases,183,Clostridium difficile,1,Number,2001,22.3270228,22.3270228,13.66368949
1,Deaths,1,Global,3,Both,6,5-9 years,302,Diarrheal diseases,183,Clostridium difficile,1,Number,2002,22.72763822,22.72763822,13.11303613
1,Deaths,1,Global,3,Both,6,5-9 years,302,Diarrheal diseases,183,Clostridium difficile,1,Number,2003,22.89944504,22.89944504,13.71455766
1,Deaths,1,Global,3,Both,6,5-9 years,302,Diarrheal diseases,183,Clostridium difficile,1,Number,2004,24.30689796,24.30689796,14.24318787
1,Deaths,1,Global,3,Both,6,5-9 years,302,Diarrheal diseases,183,Clostridium difficile,1,Number,2005,25.22242781,25.22242781,15.33877861
1,Deaths,1,Global,3,Both,6,5-9 years,302,Diarrheal diseases,183,Clostridium difficile,1,Number,2006,25.60598322,25.60598322,15.17109865
1,Deaths,1,Global,3,Both,6,5-9 years,302,Diarrheal diseases,183,Clostridium difficile,1,Number,2007,26.8875201,26.8875201,16.40305045
1,Deaths,1,Global,3,Both,6,5-9 years,302,Diarrheal diseases,183,Clostridium difficile,1,Number,2008,27.56892957,27.56892957,16.6892354
1,Deaths,1,Global,3,Both,6,5-9 years,302,Diarrheal diseases,183,Clostridium difficile,1,Number,2009,29.06605954,29.06605954,18.18209724
1,Deaths,1,Global,3,Both,6,5-9 years,302,Diarrheal diseases,183,Clostridium difficile,1,Number,2010,31.56448462,31.56448462,19.60664893
1,Deaths,1,Global,3,Both,6,5-9 years,302,Diarrheal diseases,183,Clostridium difficile,1,Number,2011,38.0990501,38.0990501,23.45406984
1,Deaths,1,Global,3,Both,6,5-9 years,302,Diarrheal diseases,183,Clostridium difficile,1,Number,2012,41.66869678,41.66869678,25.14814108
1,Deaths,1,Global,3,Both,6,5-9 years,302,Diarrheal diseases,183,Clostridium difficile,1,Number,2013,39.23604099,39.23604099,23.7724077
1,Deaths,1,Global,3,Both,6,5-9 years,302,Diarrheal diseases,183,Clostridium difficile,1,Number,2014,30.02118845,30.02118845,18.09565366
1,Deaths,1,Global,3,Both,6,5-9 years,302,Diarrheal diseases,183,Clostridium difficile,1,Number,2015,28.07263716,28.07263716,16.85644196
1,Deaths,1,Global,3,Both,6,5-9 years,302,Diarrheal diseases,183,Clostridium difficile,1,Number,2016,28.68611591,28.68611591,17.5409451
1,Deaths,1,Global,3,Both,6,5-9 years,302,Diarrheal diseases,183,Clostridium difficile,1,Number,2017,30.19958558,30.19958558,18.12997207
1,Deaths,1,Global,3,Both,6,5-9 years,302,Diarrheal diseases,183,Clostridium difficile,1,Number,2018,31.74755863,31.74755863,19.40742113
1,Deaths,1,Global,3,Both,6,5-9 years,302,Diarrheal diseases,183,Clostridium difficile,1,Number,2019,31.74796927,31.74796927,18.83387094
1,Deaths,1,Global,3,Both,6,5-9 years,302,Diarrheal diseases,183,Clostridium difficile,1,Number,2020,27.3701956,27.3701956,16.6021491
1,Deaths,1,Global,3,Both,6,5-9 years,302,Diarrheal diseases,183,Clostridium difficile,1,Number,2021,26.72728882,26.72728882,15.81641386
1,Deaths,1,Global,3,Both,7,10-14 years,302,Diarrheal diseases,183,Clostridium difficile,1,Number,1990,16.62715473,16.62715473,9.829620842
1,Deaths,1,Global,3,Both,7,10-14 years,302,Diarrheal diseases,183,Clostridium difficile,1,Number,1991,16.78299759,16.78299759,9.85785884
1,Deaths,1,Global,3,Both,7,10-14 years,302,Diarrheal diseases,183,Clostridium difficile,1,Number,1992,16.66004705,16.66004705,10.03009144
1,Deaths,1,Global,3,Both,7,10-14 years,302,Diarrheal diseases,183,Clostridium difficile,1,Number,1993,17.5833701,17.5833701,9.959078229
1,Deaths,1,Global,3,Both,7,10-14 years,302,Diarrheal diseases,183,Clostridium difficile,1,Number,1994,20.23815272,20.23815272,11.26679236
1,Deaths,1,Global,3,Both,7,10-14 years,302,Diarrheal diseases,183,Clostridium difficile,1,Number,1995,17.55011303,17.55011303,10.68757815
1,Deaths,1,Global,3,Both,7,10-14 years,302,Diarrheal diseases,183,Clostridium difficile,1,Number,1996,17.9809642,17.9809642,10.58086372
1,Deaths,1,Global,3,Both,7,10-14 years,302,Diarrheal diseases,183,Clostridium difficile,1,Number,1997,18.38014775,18.38014775,10.90192437
1,Deaths,1,Global,3,Both,7,10-14 years,302,Diarrheal diseases,183,Clostridium difficile,1,Number,1998,18.14831384,18.14831384,10.79760915
1,Deaths,1,Global,3,Both,7,10-14 years,302,Diarrheal diseases,183,Clostridium difficile,1,Number,1999,18.43899518,18.43899518,10.8543582
1,Deaths,1,Global,3,Both,7,10-14 years,302,Diarrheal diseases,183,Clostridium difficile,1,Number,2000,18.50311034,18.50311034,11.01001671
1,Deaths,1,Global,3,Both,7,10-14 years,302,Diarrheal diseases,183,Clostridium difficile,1,Number,2001,18.18902713,18.18902713,10.85619791
1,Deaths,1,Global,3,Both,7,10-14 years,302,Diarrheal diseases,183,Clostridium difficile,1,Number,2002,17.98308455,17.98308455,11.08180469
1,Deaths,1,Global,3,Both,7,10-14 years,302,Diarrheal diseases,183,Clostridium difficile,1,Number,2003,18.50294825,18.50294825,11.2518165
1,Deaths,1,Global,3,Both,7,10-14 years,302,Diarrheal diseases,183,Clostridium difficile,1,Number,2004,19.10383031,19.10383031,11.8128632
1,Deaths,1,Global,3,Both,7,10-14 years,302,Diarrheal diseases,183,Clostridium difficile,1,Number,2005,19.99456701,19.99456701,12.1583102
1,Deaths,1,Global,3,Both,7,10-14 years,302,Diarrheal diseases,183,Clostridium difficile,1,Number,2006,19.81431132,19.81431132,12.42755166
1,Deaths,1,Global,3,Both,7,10-14 years,302,Diarrheal diseases,183,Clostridium difficile,1,Number,2007,20.78734774,20.78734774,13.32520184
1,Deaths,1,Global,3,Both,7,10-14 years,302,Diarrheal diseases,183,Clostridium difficile,1,Number,2008,21.22140691,21.22140691,13.28850702
1,Deaths,1,Global,3,Both,7,10-14 years,302,Diarrheal diseases,183,Clostridium difficile,1,Number,2009,23.52560483,23.52560483,15.19141245
1,Deaths,1,Global,3,Both,7,10-14 years,302,Diarrheal diseases,183,Clostridium difficile,1,Number,2010,26.93315835,26.93315835,17.01276692
1,Deaths,1,Global,3,Both,7,10-14 years,302,Diarrheal diseases,183,Clostridium difficile,1,Number,2011,31.16123674,31.16123674,18.85587433
1,Deaths,1,Global,3,Both,7,10-14 years,302,Diarrheal diseases,183,Clostridium difficile,1,Number,2012,31.87845458,31.87845458,20.03563566
1,Deaths,1,Global,3,Both,7,10-14 years,302,Diarrheal diseases,183,Clostridium difficile,1,Number,2013,30.86661985,30.86661985,19.71997699
1,Deaths,1,Global,3,Both,7,10-14 years,302,Diarrheal diseases,183,Clostridium difficile,1,Number,2014,25.07668272,25.07668272,15.39663155
1,Deaths,1,Global,3,Both,7,10-14 years,302,Diarrheal diseases,183,Clostridium difficile,1,Number,2015,22.17728238,22.17728238,14.20921712
1,Deaths,1,Global,3,Both,7,10-14 years,302,Diarrheal diseases,183,Clostridium difficile,1,Number,2016,22.24351342,22.24351342,13.79857712
1,Deaths,1,Global,3,Both,7,10-14 years,302,Diarrheal diseases,183,Clostridium difficile,1,Number,2017,23.41451743,23.41451743,14.60242202
1,Deaths,1,Global,3,Both,7,10-14 years,302,Diarrheal diseases,183,Clostridium difficile,1,Number,2018,25.29605549,25.29605549,15.21205796
1,Deaths,1,Global,3,Both,7,10-14 years,302,Diarrheal diseases,183,Clostridium difficile,1,Number,2019,25.31972886,25.31972886,15.67816574
1,Deaths,1,Global,3,Both,7,10-14 years,302,Diarrheal diseases,183,Clostridium difficile,1,Number,2020,23.20697988,23.20697988,13.97400121
1,Deaths,1,Global,3,Both,7,10-14 years,302,Diarrheal diseases,183,Clostridium difficile,1,Number,2021,22.52921176,22.52921176,14.03974362
1,Deaths,1,Global,3,Both,8,15-19 years,302,Diarrheal diseases,183,Clostridium difficile,1,Number,1990,30.92960015,30.92960015,17.29017053
1,Deaths,1,Global,3,Both,8,15-19 years,302,Diarrheal diseases,183,Clostridium difficile,1,Number,1991,28.8966277,28.8966277,17.01107395
1,Deaths,1,Global,3,Both,8,15-19 years,302,Diarrheal diseases,183,Clostridium difficile,1,Number,1992,27.66706781,27.66706781,16.44646538
1,Deaths,1,Global,3,Both,8,15-19 years,302,Diarrheal diseases,183,Clostridium difficile,1,Number,1993,28.88197382,28.88197382,17.12279028
1,Deaths,1,Global,3,Both,8,15-19 years,302,Diarrheal diseases,183,Clostridium difficile,1,Number,1994,61.0910491,61.0910491,21.32166202
1,Deaths,1,Global,3,Both,8,15-19 years,302,Diarrheal diseases,183,Clostridium difficile,1,Number,1995,29.12489371,29.12489371,17.16619202
1,Deaths,1,Global,3,Both,8,15-19 years,302,Diarrheal diseases,183,Clostridium difficile,1,Number,1996,29.15134391,29.15134391,17.79329058
1,Deaths,1,Global,3,Both,8,15-19 years,302,Diarrheal diseases,183,Clostridium difficile,1,Number,1997,31.60412321,31.60412321,18.82206806
1,Deaths,1,Global,3,Both,8,15-19 years,302,Diarrheal diseases,183,Clostridium difficile,1,Number,1998,31.71455214,31.71455214,19.67948735
1,Deaths,1,Global,3,Both,8,15-19 years,302,Diarrheal diseases,183,Clostridium difficile,1,Number,1999,33.56166335,33.56166335,19.72494473
1,Deaths,1,Global,3,Both,8,15-19 years,302,Diarrheal diseases,183,Clostridium difficile,1,Number,2000,33.90907801,33.90907801,19.94812024
1,Deaths,1,Global,3,Both,8,15-19 years,302,Diarrheal diseases,183,Clostridium difficile,1,Number,2001,30.83004996,30.83004996,19.259935
1,Deaths,1,Global,3,Both,8,15-19 years,302,Diarrheal diseases,183,Clostridium difficile,1,Number,2002,31.49469564,31.49469564,19.22130814
1,Deaths,1,Global,3,Both,8,15-19 years,302,Diarrheal diseases,183,Clostridium difficile,1,Number,2003,33.74544401,33.74544401,20.21864439
1,Deaths,1,Global,3,Both,8,15-19 years,302,Diarrheal diseases,183,Clostridium difficile,1,Number,2004,35.18065436,35.18065436,20.90641352
1,Deaths,1,Global,3,Both,8,15-19 years,302,Diarrheal diseases,183,Clostridium difficile,1,Number,2005,35.38283191,35.38283191,21.38497152
1,Deaths,1,Global,3,Both,8,15-19 years,302,Diarrheal diseases,183,Clostridium difficile,1,Number,2006,35.20464633,35.20464633,21.61999071
1,Deaths,1,Global,3,Both,8,15-19 years,302,Diarrheal diseases,183,Clostridium difficile,1,Number,2007,36.64741292,36.64741292,22.61971776
1,Deaths,1,Global,3,Both,8,15-19 years,302,Diarrheal diseases,183,Clostridium difficile,1,Number,2008,36.76023996,36.76023996,22.65306286
1,Deaths,1,Global,3,Both,8,15-19 years,302,Diarrheal diseases,183,Clostridium difficile,1,Number,2009,42.910251,42.910251,26.55358319
1,Deaths,1,Global,3,Both,8,15-19 years,302,Diarrheal diseases,183,Clostridium difficile,1,Number,2010,48.51473499,48.51473499,30.33143172
1,Deaths,1,Global,3,Both,8,15-19 years,302,Diarrheal diseases,183,Clostridium difficile,1,Number,2011,56.92527236,56.92527236,36.53508965
1,Deaths,1,Global,3,Both,8,15-19 years,302,Diarrheal diseases,183,Clostridium difficile,1,Number,2012,62.50841449,62.50841449,39.31294955
1,Deaths,1,Global,3,Both,8,15-19 years,302,Diarrheal diseases,183,Clostridium difficile,1,Number,2013,62.5488958,62.5488958,37.21537559
1,Deaths,1,Global,3,Both,8,15-19 years,302,Diarrheal diseases,183,Clostridium difficile,1,Number,2014,49.74799513,49.74799513,29.14151126
1,Deaths,1,Global,3,Both,8,15-19 years,302,Diarrheal diseases,183,Clostridium difficile,1,Number,2015,42.9765442,42.9765442,24.4188054
1,Deaths,1,Global,3,Both,8,15-19 years,302,Diarrheal diseases,183,Clostridium difficile,1,Number,2016,42.59179429,42.59179429,24.51390033
1,Deaths,1,Global,3,Both,8,15-19 years,302,Diarrheal diseases,183,Clostridium difficile,1,Number,2017,44.55851237,44.55851237,25.59669879
1,Deaths,1,Global,3,Both,8,15-19 years,302,Diarrheal diseases,183,Clostridium difficile,1,Number,2018,47.161337,47.161337,27.80382646
1,Deaths,1,Global,3,Both,8,15-19 years,302,Diarrheal diseases,183,Clostridium difficile,1,Number,2019,46.44264576,46.44264576,27.8074889
1,Deaths,1,Global,3,Both,8,15-19 years,302,Diarrheal diseases,183,Clostridium difficile,1,Number,2020,41.47414695,41.47414695,25.61221978
1,Deaths,1,Global,3,Both,8,15-19 years,302,Diarrheal diseases,183,Clostridium difficile,1,Number,2021,42.29888162,42.29888162,26.02997259
1,Deaths,1,Global,3,Both,9,20-24 years,302,Diarrheal diseases,183,Clostridium difficile,1,Number,1990,28.82219974,28.82219974,16.90072162
1,Deaths,1,Global,3,Both,9,20-24 years,302,Diarrheal diseases,183,Clostridium difficile,1,Number,1991,28.83448031,28.83448031,16.48512804
1,Deaths,1,Global,3,Both,9,20-24 years,302,Diarrheal diseases,183,Clostridium difficile,1,Number,1992,28.54263902,28.54263902,16.45455627
1,Deaths,1,Global,3,Both,9,20-24 years,302,Diarrheal diseases,183,Clostridium difficile,1,Number,1993,28.96402473,28.96402473,17.81066206
1,Deaths,1,Global,3,Both,9,20-24 years,302,Diarrheal diseases,183,Clostridium difficile,1,Number,1994,38.96149706,38.96149706,18.39888244
1,Deaths,1,Global,3,Both,9,20-24 years,302,Diarrheal diseases,183,Clostridium difficile,1,Number,1995,29.32879989,29.32879989,18.13220179
1,Deaths,1,Global,3,Both,9,20-24 years,302,Diarrheal diseases,183,Clostridium difficile,1,Number,1996,29.67987482,29.67987482,18.34530802
1,Deaths,1,Global,3,Both,9,20-24 years,302,Diarrheal diseases,183,Clostridium difficile,1,Number,1997,31.3577828,31.3577828,18.94562065
1,Deaths,1,Global,3,Both,9,20-24 years,302,Diarrheal diseases,183,Clostridium difficile,1,Number,1998,31.31902477,31.31902477,19.27951473
1,Deaths,1,Global,3,Both,9,20-24 years,302,Diarrheal diseases,183,Clostridium difficile,1,Number,1999,32.30713775,32.30713775,19.31074956
1,Deaths,1,Global,3,Both,9,20-24 years,302,Diarrheal diseases,183,Clostridium difficile,1,Number,2000,32.63489364,32.63489364,19.55271333
1,Deaths,1,Global,3,Both,9,20-24 years,302,Diarrheal diseases,183,Clostridium difficile,1,Number,2001,31.59762311,31.59762311,19.79345065
1,Deaths,1,Global,3,Both,9,20-24 years,302,Diarrheal diseases,183,Clostridium difficile,1,Number,2002,32.62300895,32.62300895,20.03949539
1,Deaths,1,Global,3,Both,9,20-24 years,302,Diarrheal diseases,183,Clostridium difficile,1,Number,2003,34.21561201,34.21561201,21.12575952
1,Deaths,1,Global,3,Both,9,20-24 years,302,Diarrheal diseases,183,Clostridium difficile,1,Number,2004,35.83043492,35.83043492,21.59770897
1,Deaths,1,Global,3,Both,9,20-24 years,302,Diarrheal diseases,183,Clostridium difficile,1,Number,2005,36.175255,36.175255,22.45202894
1,Deaths,1,Global,3,Both,9,20-24 years,302,Diarrheal diseases,183,Clostridium difficile,1,Number,2006,36.87635814,36.87635814,22.58405567
1,Deaths,1,Global,3,Both,9,20-24 years,302,Diarrheal diseases,183,Clostridium difficile,1,Number,2007,39.2727011,39.2727011,24.23043025
1,Deaths,1,Global,3,Both,9,20-24 years,302,Diarrheal diseases,183,Clostridium difficile,1,Number,2008,39.34968102,39.34968102,25.18160956
1,Deaths,1,Global,3,Both,9,20-24 years,302,Diarrheal diseases,183,Clostridium difficile,1,Number,2009,47.90874883,47.90874883,29.36039408
1,Deaths,1,Global,3,Both,9,20-24 years,302,Diarrheal diseases,183,Clostridium difficile,1,Number,2010,53.77114913,53.77114913,34.67781192
1,Deaths,1,Global,3,Both,9,20-24 years,302,Diarrheal diseases,183,Clostridium difficile,1,Number,2011,63.21389714,63.21389714,39.35156257
1,Deaths,1,Global,3,Both,9,20-24 years,302,Diarrheal diseases,183,Clostridium difficile,1,Number,2012,69.41957929,69.41957929,44.39520415
1,Deaths,1,Global,3,Both,9,20-24 years,302,Diarrheal diseases,183,Clostridium difficile,1,Number,2013,66.9579894,66.9579894,43.11378337
1,Deaths,1,Global,3,Both,9,20-24 years,302,Diarrheal diseases,183,Clostridium difficile,1,Number,2014,49.58082032,49.58082032,30.6518048
1,Deaths,1,Global,3,Both,9,20-24 years,302,Diarrheal diseases,183,Clostridium difficile,1,Number,2015,44.05928606,44.05928606,24.83185387
1,Deaths,1,Global,3,Both,9,20-24 years,302,Diarrheal diseases,183,Clostridium difficile,1,Number,2016,42.95613517,42.95613517,25.51722136
1,Deaths,1,Global,3,Both,9,20-24 years,302,Diarrheal diseases,183,Clostridium difficile,1,Number,2017,44.59609896,44.59609896,26.94584908
1,Deaths,1,Global,3,Both,9,20-24 years,302,Diarrheal diseases,183,Clostridium difficile,1,Number,2018,46.23447956,46.23447956,28.81896876
1,Deaths,1,Global,3,Both,9,20-24 years,302,Diarrheal diseases,183,Clostridium difficile,1,Number,2019,47.14127055,47.14127055,28.51122907
1,Deaths,1,Global,3,Both,9,20-24 years,302,Diarrheal diseases,183,Clostridium difficile,1,Number,2020,44.07139312,44.07139312,25.93048196
1,Deaths,1,Global,3,Both,9,20-24 years,302,Diarrheal diseases,183,Clostridium difficile,1,Number,2021,43.81144606,43.81144606,26.62424521
1,Deaths,1,Global,3,Both,10,25-29 years,302,Diarrheal diseases,183,Clostridium difficile,1,Number,1990,25.67651011,25.67651011,15.42934933
1,Deaths,1,Global,3,Both,10,25-29 years,302,Diarrheal diseases,183,Clostridium difficile,1,Number,1991,25.99753842,25.99753842,15.73382856
1,Deaths,1,Global,3,Both,10,25-29 years,302,Diarrheal diseases,183,Clostridium difficile,1,Number,1992,26.57082169,26.57082169,15.43796034
1,Deaths,1,Global,3,Both,10,25-29 years,302,Diarrheal diseases,183,Clostridium difficile,1,Number,1993,27.22255691,27.22255691,16.50285225
1,Deaths,1,Global,3,Both,10,25-29 years,302,Diarrheal diseases,183,Clostridium difficile,1,Number,1994,28.09979807,28.09979807,16.66278723
1,Deaths,1,Global,3,Both,10,25-29 years,302,Diarrheal diseases,183,Clostridium difficile,1,Number,1995,27.65236246,27.65236246,16.92696058
1,Deaths,1,Global,3,Both,10,25-29 years,302,Diarrheal diseases,183,Clostridium difficile,1,Number,1996,28.07044076,28.07044076,17.08473307
1,Deaths,1,Global,3,Both,10,25-29 years,302,Diarrheal diseases,183,Clostridium difficile,1,Number,1997,28.7354735,28.7354735,18.09958156
1,Deaths,1,Global,3,Both,10,25-29 years,302,Diarrheal diseases,183,Clostridium difficile,1,Number,1998,29.05740923,29.05740923,17.90826878
1,Deaths,1,Global,3,Both,10,25-29 years,302,Diarrheal diseases,183,Clostridium difficile,1,Number,1999,29.82177507,29.82177507,18.22932302
1,Deaths,1,Global,3,Both,10,25-29 years,302,Diarrheal diseases,183,Clostridium difficile,1,Number,2000,30.25771724,30.25771724,18.72821773
1,Deaths,1,Global,3,Both,10,25-29 years,302,Diarrheal diseases,183,Clostridium difficile,1,Number,2001,30.61185276,30.61185276,18.87097786
1,Deaths,1,Global,3,Both,10,25-29 years,302,Diarrheal diseases,183,Clostridium difficile,1,Number,2002,31.51202385,31.51202385,19.04056531
1,Deaths,1,Global,3,Both,10,25-29 years,302,Diarrheal diseases,183,Clostridium difficile,1,Number,2003,33.02286023,33.02286023,19.94878981
1,Deaths,1,Global,3,Both,10,25-29 years,302,Diarrheal diseases,183,Clostridium difficile,1,Number,2004,33.83428086,33.83428086,20.64073265
1,Deaths,1,Global,3,Both,10,25-29 years,302,Diarrheal diseases,183,Clostridium difficile,1,Number,2005,34.99161147,34.99161147,20.45149178
1,Deaths,1,Global,3,Both,10,25-29 years,302,Diarrheal diseases,183,Clostridium difficile,1,Number,2006,34.31693057,34.31693057,20.86053043
1,Deaths,1,Global,3,Both,10,25-29 years,302,Diarrheal diseases,183,Clostridium difficile,1,Number,2007,36.20227903,36.20227903,22.35778514
1,Deaths,1,Global,3,Both,10,25-29 years,302,Diarrheal diseases,183,Clostridium difficile,1,Number,2008,37.47563663,37.47563663,23.20223201
1,Deaths,1,Global,3,Both,10,25-29 years,302,Diarrheal diseases,183,Clostridium difficile,1,Number,2009,46.01168364,46.01168364,28.25857618
1,Deaths,1,Global,3,Both,10,25-29 years,302,Diarrheal diseases,183,Clostridium difficile,1,Number,2010,53.77994793,53.77994793,33.08712552
1,Deaths,1,Global,3,Both,10,25-29 years,302,Diarrheal diseases,183,Clostridium difficile,1,Number,2011,61.04806204,61.04806204,38.97099919
1,Deaths,1,Global,3,Both,10,25-29 years,302,Diarrheal diseases,183,Clostridium difficile,1,Number,2012,67.55036915,67.55036915,43.68957297
1,Deaths,1,Global,3,Both,10,25-29 years,302,Diarrheal diseases,183,Clostridium difficile,1,Number,2013,68.27839255,68.27839255,43.4494645
1,Deaths,1,Global,3,Both,10,25-29 years,302,Diarrheal diseases,183,Clostridium difficile,1,Number,2014,49.38374649,49.38374649,31.27081298
1,Deaths,1,Global,3,Both,10,25-29 years,302,Diarrheal diseases,183,Clostridium difficile,1,Number,2015,42.2260706,42.2260706,27.24057202
1,Deaths,1,Global,3,Both,10,25-29 years,302,Diarrheal diseases,183,Clostridium difficile,1,Number,2016,42.5918332,42.5918332,26.22500695
1,Deaths,1,Global,3,Both,10,25-29 years,302,Diarrheal diseases,183,Clostridium difficile,1,Number,2017,44.66422748,44.66422748,27.66302636
1,Deaths,1,Global,3,Both,10,25-29 years,302,Diarrheal diseases,183,Clostridium difficile,1,Number,2018,45.49245789,45.49245789,28.65298698
1,Deaths,1,Global,3,Both,10,25-29 years,302,Diarrheal diseases,183,Clostridium difficile,1,Number,2019,46.25464071,46.25464071,28.83401792
1,Deaths,1,Global,3,Both,10,25-29 years,302,Diarrheal diseases,183,Clostridium difficile,1,Number,2020,43.68143266,43.68143266,26.79035075
1,Deaths,1,Global,3,Both,10,25-29 years,302,Diarrheal diseases,183,Clostridium difficile,1,Number,2021,43.41425191,43.41425191,27.33897212
1,Deaths,1,Global,3,Both,11,30-34 years,302,Diarrheal diseases,183,Clostridium difficile,1,Number,1990,26.15748706,26.15748706,15.73653134
1,Deaths,1,Global,3,Both,11,30-34 years,302,Diarrheal diseases,183,Clostridium difficile,1,Number,1991,26.75373288,26.75373288,15.80886595
1,Deaths,1,Global,3,Both,11,30-34 years,302,Diarrheal diseases,183,Clostridium difficile,1,Number,1992,27.17620433,27.17620433,16.38148669
1,Deaths,1,Global,3,Both,11,30-34 years,302,Diarrheal diseases,183,Clostridium difficile,1,Number,1993,28.78702968,28.78702968,17.22159241
1,Deaths,1,Global,3,Both,11,30-34 years,302,Diarrheal diseases,183,Clostridium difficile,1,Number,1994,29.06822857,29.06822857,18.28221381
1,Deaths,1,Global,3,Both,11,30-34 years,302,Diarrheal diseases,183,Clostridium difficile,1,Number,1995,29.5418739,29.5418739,18.45377294
1,Deaths,1,Global,3,Both,11,30-34 years,302,Diarrheal diseases,183,Clostridium difficile,1,Number,1996,30.24180027,30.24180027,18.27969978
1,Deaths,1,Global,3,Both,11,30-34 years,302,Diarrheal diseases,183,Clostridium difficile,1,Number,1997,30.75428354,30.75428354,19.10179934
1,Deaths,1,Global,3,Both,11,30-34 years,302,Diarrheal diseases,183,Clostridium difficile,1,Number,1998,30.32158352,30.32158352,19.20145325
1,Deaths,1,Global,3,Both,11,30-34 years,302,Diarrheal diseases,183,Clostridium difficile,1,Number,1999,31.06080694,31.06080694,19.1636995
1,Deaths,1,Global,3,Both,11,30-34 years,302,Diarrheal diseases,183,Clostridium difficile,1,Number,2000,31.69291969,31.69291969,19.16737166
1,Deaths,1,Global,3,Both,11,30-34 years,302,Diarrheal diseases,183,Clostridium difficile,1,Number,2001,31.73665328,31.73665328,19.38612249
1,Deaths,1,Global,3,Both,11,30-34 years,302,Diarrheal diseases,183,Clostridium difficile,1,Number,2002,32.55675319,32.55675319,20.1875256
1,Deaths,1,Global,3,Both,11,30-34 years,302,Diarrheal diseases,183,Clostridium difficile,1,Number,2003,35.03344171,35.03344171,21.36980205
1,Deaths,1,Global,3,Both,11,30-34 years,302,Diarrheal diseases,183,Clostridium difficile,1,Number,2004,36.37294192,36.37294192,22.45421448
1,Deaths,1,Global,3,Both,11,30-34 years,302,Diarrheal diseases,183,Clostridium difficile,1,Number,2005,36.88148564,36.88148564,22.46540562
1,Deaths,1,Global,3,Both,11,30-34 years,302,Diarrheal diseases,183,Clostridium difficile,1,Number,2006,36.91756838,36.91756838,22.34591868
1,Deaths,1,Global,3,Both,11,30-34 years,302,Diarrheal diseases,183,Clostridium difficile,1,Number,2007,38.75438179,38.75438179,24.41504577
1,Deaths,1,Global,3,Both,11,30-34 years,302,Diarrheal diseases,183,Clostridium difficile,1,Number,2008,39.28861955,39.28861955,25.61911521
1,Deaths,1,Global,3,Both,11,30-34 years,302,Diarrheal diseases,183,Clostridium difficile,1,Number,2009,48.0222035,48.0222035,29.87295882
1,Deaths,1,Global,3,Both,11,30-34 years,302,Diarrheal diseases,183,Clostridium difficile,1,Number,2010,53.75527847,53.75527847,34.89546625
1,Deaths,1,Global,3,Both,11,30-34 years,302,Diarrheal diseases,183,Clostridium difficile,1,Number,2011,61.57244788,61.57244788,40.59075388
1,Deaths,1,Global,3,Both,11,30-34 years,302,Diarrheal diseases,183,Clostridium difficile,1,Number,2012,69.00366048,69.00366048,42.86991669
1,Deaths,1,Global,3,Both,11,30-34 years,302,Diarrheal diseases,183,Clostridium difficile,1,Number,2013,68.86043958,68.86043958,43.94110649
1,Deaths,1,Global,3,Both,11,30-34 years,302,Diarrheal diseases,183,Clostridium difficile,1,Number,2014,52.71786854,52.71786854,33.43310259
1,Deaths,1,Global,3,Both,11,30-34 years,302,Diarrheal diseases,183,Clostridium difficile,1,Number,2015,48.07797244,48.07797244,28.95668125
1,Deaths,1,Global,3,Both,11,30-34 years,302,Diarrheal diseases,183,Clostridium difficile,1,Number,2016,47.76247649,47.76247649,29.80576589
1,Deaths,1,Global,3,Both,11,30-34 years,302,Diarrheal diseases,183,Clostridium difficile,1,Number,2017,50.74651222,50.74651222,31.2953377
1,Deaths,1,Global,3,Both,11,30-34 years,302,Diarrheal diseases,183,Clostridium difficile,1,Number,2018,52.54846377,52.54846377,32.19225804
1,Deaths,1,Global,3,Both,11,30-34 years,302,Diarrheal diseases,183,Clostridium difficile,1,Number,2019,53.47971614,53.47971614,33.28688674
1,Deaths,1,Global,3,Both,11,30-34 years,302,Diarrheal diseases,183,Clostridium difficile,1,Number,2020,51.32539183,51.32539183,31.73979825
1,Deaths,1,Global,3,Both,11,30-34 years,302,Diarrheal diseases,183,Clostridium difficile,1,Number,2021,51.99139765,51.99139765,31.79765647
1,Deaths,1,Global,3,Both,12,35-39 years,302,Diarrheal diseases,183,Clostridium difficile,1,Number,1990,34.74446315,34.74446315,20.6966002
1,Deaths,1,Global,3,Both,12,35-39 years,302,Diarrheal diseases,183,Clostridium difficile,1,Number,1991,35.44919,35.44919,21.0319459
1,Deaths,1,Global,3,Both,12,35-39 years,302,Diarrheal diseases,183,Clostridium difficile,1,Number,1992,35.93998917,35.93998917,21.88837546
1,Deaths,1,Global,3,Both,12,35-39 years,302,Diarrheal diseases,183,Clostridium difficile,1,Number,1993,37.5467673,37.5467673,23.01528493
1,Deaths,1,Global,3,Both,12,35-39 years,302,Diarrheal diseases,183,Clostridium difficile,1,Number,1994,38.31069829,38.31069829,23.53421731
1,Deaths,1,Global,3,Both,12,35-39 years,302,Diarrheal diseases,183,Clostridium difficile,1,Number,1995,39.06823691,39.06823691,23.76671459
1,Deaths,1,Global,3,Both,12,35-39 years,302,Diarrheal diseases,183,Clostridium difficile,1,Number,1996,38.66691576,38.66691576,24.85246345
1,Deaths,1,Global,3,Both,12,35-39 years,302,Diarrheal diseases,183,Clostridium difficile,1,Number,1997,40.76095031,40.76095031,24.3792091
1,Deaths,1,Global,3,Both,12,35-39 years,302,Diarrheal diseases,183,Clostridium difficile,1,Number,1998,40.44379488,40.44379488,24.73652984
1,Deaths,1,Global,3,Both,12,35-39 years,302,Diarrheal diseases,183,Clostridium difficile,1,Number,1999,40.94219627,40.94219627,25.82672261
1,Deaths,1,Global,3,Both,12,35-39 years,302,Diarrheal diseases,183,Clostridium difficile,1,Number,2000,41.98771973,41.98771973,25.70639896
1,Deaths,1,Global,3,Both,12,35-39 years,302,Diarrheal diseases,183,Clostridium difficile,1,Number,2001,42.79528775,42.79528775,25.82859307
1,Deaths,1,Global,3,Both,12,35-39 years,302,Diarrheal diseases,183,Clostridium difficile,1,Number,2002,43.97153187,43.97153187,27.17019264
1,Deaths,1,Global,3,Both,12,35-39 years,302,Diarrheal diseases,183,Clostridium difficile,1,Number,2003,46.22843456,46.22843456,28.72849906
1,Deaths,1,Global,3,Both,12,35-39 years,302,Diarrheal diseases,183,Clostridium difficile,1,Number,2004,47.72515221,47.72515221,29.57987451
1,Deaths,1,Global,3,Both,12,35-39 years,302,Diarrheal diseases,183,Clostridium difficile,1,Number,2005,49.26278445,49.26278445,29.66312446
1,Deaths,1,Global,3,Both,12,35-39 years,302,Diarrheal diseases,183,Clostridium difficile,1,Number,2006,48.68591107,48.68591107,31.69652633
1,Deaths,1,Global,3,Both,12,35-39 years,302,Diarrheal diseases,183,Clostridium difficile,1,Number,2007,54.23638836,54.23638836,33.20197301
1,Deaths,1,Global,3,Both,12,35-39 years,302,Diarrheal diseases,183,Clostridium difficile,1,Number,2008,54.69804103,54.69804103,34.01261676
1,Deaths,1,Global,3,Both,12,35-39 years,302,Diarrheal diseases,183,Clostridium difficile,1,Number,2009,65.61625089,65.61625089,40.27505126
1,Deaths,1,Global,3,Both,12,35-39 years,302,Diarrheal diseases,183,Clostridium difficile,1,Number,2010,73.18894062,73.18894062,45.26223284
1,Deaths,1,Global,3,Both,12,35-39 years,302,Diarrheal diseases,183,Clostridium difficile,1,Number,2011,81.14793927,81.14793927,52.05330923
1,Deaths,1,Global,3,Both,12,35-39 years,302,Diarrheal diseases,183,Clostridium difficile,1,Number,2012,89.59729938,89.59729938,59.05170084
1,Deaths,1,Global,3,Both,12,35-39 years,302,Diarrheal diseases,183,Clostridium difficile,1,Number,2013,91.31002468,91.31002468,60.69069943
1,Deaths,1,Global,3,Both,12,35-39 years,302,Diarrheal diseases,183,Clostridium difficile,1,Number,2014,70.39191372,70.39191372,44.75401318
1,Deaths,1,Global,3,Both,12,35-39 years,302,Diarrheal diseases,183,Clostridium difficile,1,Number,2015,61.87265556,61.87265556,40.26036096
1,Deaths,1,Global,3,Both,12,35-39 years,302,Diarrheal diseases,183,Clostridium difficile,1,Number,2016,63.19002938,63.19002938,38.93072254
1,Deaths,1,Global,3,Both,12,35-39 years,302,Diarrheal diseases,183,Clostridium difficile,1,Number,2017,66.12504668,66.12504668,41.84922344
1,Deaths,1,Global,3,Both,12,35-39 years,302,Diarrheal diseases,183,Clostridium difficile,1,Number,2018,67.33480932,67.33480932,43.19417083
1,Deaths,1,Global,3,Both,12,35-39 years,302,Diarrheal diseases,183,Clostridium difficile,1,Number,2019,68.74252275,68.74252275,44.64218049
1,Deaths,1,Global,3,Both,12,35-39 years,302,Diarrheal diseases,183,Clostridium difficile,1,Number,2020,67.24260608,67.24260608,41.89980668
1,Deaths,1,Global,3,Both,12,35-39 years,302,Diarrheal diseases,183,Clostridium difficile,1,Number,2021,68.65613874,68.65613874,42.40280802
1,Deaths,1,Global,3,Both,13,40-44 years,302,Diarrheal diseases,183,Clostridium difficile,1,Number,1990,43.28842626,43.28842626,26.2247213
1,Deaths,1,Global,3,Both,13,40-44 years,302,Diarrheal diseases,183,Clostridium difficile,1,Number,1991,45.90827541,45.90827541,26.21377799
1,Deaths,1,Global,3,Both,13,40-44 years,302,Diarrheal diseases,183,Clostridium difficile,1,Number,1992,46.87582141,46.87582141,28.29830154
1,Deaths,1,Global,3,Both,13,40-44 years,302,Diarrheal diseases,183,Clostridium difficile,1,Number,1993,51.27383282,51.27383282,28.76563556
1,Deaths,1,Global,3,Both,13,40-44 years,302,Diarrheal diseases,183,Clostridium difficile,1,Number,1994,51.64049946,51.64049946,30.89879633
1,Deaths,1,Global,3,Both,13,40-44 years,302,Diarrheal diseases,183,Clostridium difficile,1,Number,1995,53.25001821,53.25001821,32.20833663
1,Deaths,1,Global,3,Both,13,40-44 years,302,Diarrheal diseases,183,Clostridium difficile,1,Number,1996,54.43374043,54.43374043,32.29803506
1,Deaths,1,Global,3,Both,13,40-44 years,302,Diarrheal diseases,183,Clostridium difficile,1,Number,1997,55.94000364,55.94000364,32.72964819
1,Deaths,1,Global,3,Both,13,40-44 years,302,Diarrheal diseases,183,Clostridium difficile,1,Number,1998,54.558844,54.558844,33.44330489
1,Deaths,1,Global,3,Both,13,40-44 years,302,Diarrheal diseases,183,Clostridium difficile,1,Number,1999,56.39105931,56.39105931,33.04936234
1,Deaths,1,Global,3,Both,13,40-44 years,302,Diarrheal diseases,183,Clostridium difficile,1,Number,2000,55.31253261,55.31253261,34.21555151
1,Deaths,1,Global,3,Both,13,40-44 years,302,Diarrheal diseases,183,Clostridium difficile,1,Number,2001,56.2887647,56.2887647,33.54856027
1,Deaths,1,Global,3,Both,13,40-44 years,302,Diarrheal diseases,183,Clostridium difficile,1,Number,2002,58.17607048,58.17607048,35.68020864
1,Deaths,1,Global,3,Both,13,40-44 years,302,Diarrheal diseases,183,Clostridium difficile,1,Number,2003,63.63999602,63.63999602,37.28719624
1,Deaths,1,Global,3,Both,13,40-44 years,302,Diarrheal diseases,183,Clostridium difficile,1,Number,2004,64.71433243,64.71433243,40.40326685
1,Deaths,1,Global,3,Both,13,40-44 years,302,Diarrheal diseases,183,Clostridium difficile,1,Number,2005,66.92692354,66.92692354,40.29870209
1,Deaths,1,Global,3,Both,13,40-44 years,302,Diarrheal diseases,183,Clostridium difficile,1,Number,2006,68.34709048,68.34709048,41.9518301
1,Deaths,1,Global,3,Both,13,40-44 years,302,Diarrheal diseases,183,Clostridium difficile,1,Number,2007,75.46670591,75.46670591,46.94651566
1,Deaths,1,Global,3,Both,13,40-44 years,302,Diarrheal diseases,183,Clostridium difficile,1,Number,2008,75.43638493,75.43638493,47.35050393
1,Deaths,1,Global,3,Both,13,40-44 years,302,Diarrheal diseases,183,Clostridium difficile,1,Number,2009,88.40182897,88.40182897,52.25270287
1,Deaths,1,Global,3,Both,13,40-44 years,302,Diarrheal diseases,183,Clostridium difficile,1,Number,2010,97.34766374,97.34766374,60.11380172
1,Deaths,1,Global,3,Both,13,40-44 years,302,Diarrheal diseases,183,Clostridium difficile,1,Number,2011,113.4187392,113.4187392,70.42893425
1,Deaths,1,Global,3,Both,13,40-44 years,302,Diarrheal diseases,183,Clostridium difficile,1,Number,2012,124.0799787,124.0799787,79.75910977
1,Deaths,1,Global,3,Both,13,40-44 years,302,Diarrheal diseases,183,Clostridium difficile,1,Number,2013,128.5009096,128.5009096,78.41395071
1,Deaths,1,Global,3,Both,13,40-44 years,302,Diarrheal diseases,183,Clostridium difficile,1,Number,2014,100.5020375,100.5020375,61.98840048
1,Deaths,1,Global,3,Both,13,40-44 years,302,Diarrheal diseases,183,Clostridium difficile,1,Number,2015,88.26652299,88.26652299,56.73783787
1,Deaths,1,Global,3,Both,13,40-44 years,302,Diarrheal diseases,183,Clostridium difficile,1,Number,2016,89.0651319,89.0651319,54.89426536
1,Deaths,1,Global,3,Both,13,40-44 years,302,Diarrheal diseases,183,Clostridium difficile,1,Number,2017,93.37568414,93.37568414,56.5016751
1,Deaths,1,Global,3,Both,13,40-44 years,302,Diarrheal diseases,183,Clostridium difficile,1,Number,2018,92.8461109,92.8461109,58.79075585
1,Deaths,1,Global,3,Both,13,40-44 years,302,Diarrheal diseases,183,Clostridium difficile,1,Number,2019,93.44086286,93.44086286,60.69468276
1,Deaths,1,Global,3,Both,13,40-44 years,302,Diarrheal diseases,183,Clostridium difficile,1,Number,2020,91.05660994,91.05660994,58.18264109
1,Deaths,1,Global,3,Both,13,40-44 years,302,Diarrheal diseases,183,Clostridium difficile,1,Number,2021,94.18841048,94.18841048,57.24509811
1,Deaths,1,Global,3,Both,14,45-49 years,302,Diarrheal diseases,183,Clostridium difficile,1,Number,1990,57.92747334,57.92747334,32.81627101
1,Deaths,1,Global,3,Both,14,45-49 years,302,Diarrheal diseases,183,Clostridium difficile,1,Number,1991,57.20182493,57.20182493,33.22311727
1,Deaths,1,Global,3,Both,14,45-49 years,302,Diarrheal diseases,183,Clostridium difficile,1,Number,1992,57.34657058,57.34657058,34.70595778
1,Deaths,1,Global,3,Both,14,45-49 years,302,Diarrheal diseases,183,Clostridium difficile,1,Number,1993,60.4652516,60.4652516,36.92757812
1,Deaths,1,Global,3,Both,14,45-49 years,302,Diarrheal diseases,183,Clostridium difficile,1,Number,1994,63.59344574,63.59344574,37.94793849
1,Deaths,1,Global,3,Both,14,45-49 years,302,Diarrheal diseases,183,Clostridium difficile,1,Number,1995,65.96656168,65.96656168,40.0763908
1,Deaths,1,Global,3,Both,14,45-49 years,302,Diarrheal diseases,183,Clostridium difficile,1,Number,1996,69.867239,69.867239,40.52436112
1,Deaths,1,Global,3,Both,14,45-49 years,302,Diarrheal diseases,183,Clostridium difficile,1,Number,1997,71.44273474,71.44273474,43.21582387
1,Deaths,1,Global,3,Both,14,45-49 years,302,Diarrheal diseases,183,Clostridium difficile,1,Number,1998,71.50840551,71.50840551,43.39698736
1,Deaths,1,Global,3,Both,14,45-49 years,302,Diarrheal diseases,183,Clostridium difficile,1,Number,1999,73.45370606,73.45370606,44.54809095
1,Deaths,1,Global,3,Both,14,45-49 years,302,Diarrheal diseases,183,Clostridium difficile,1,Number,2000,75.71873244,75.71873244,45.54336224
1,Deaths,1,Global,3,Both,14,45-49 years,302,Diarrheal diseases,183,Clostridium difficile,1,Number,2001,75.81553964,75.81553964,46.87741285
1,Deaths,1,Global,3,Both,14,45-49 years,302,Diarrheal diseases,183,Clostridium difficile,1,Number,2002,78.99819475,78.99819475,49.03740572
1,Deaths,1,Global,3,Both,14,45-49 years,302,Diarrheal diseases,183,Clostridium difficile,1,Number,2003,84.80058729,84.80058729,52.61353462
1,Deaths,1,Global,3,Both,14,45-49 years,302,Diarrheal diseases,183,Clostridium difficile,1,Number,2004,87.44362076,87.44362076,54.99202464
1,Deaths,1,Global,3,Both,14,45-49 years,302,Diarrheal diseases,183,Clostridium difficile,1,Number,2005,89.27775327,89.27775327,54.36622871
1,Deaths,1,Global,3,Both,14,45-49 years,302,Diarrheal diseases,183,Clostridium difficile,1,Number,2006,88.14937947,88.14937947,54.67905875
1,Deaths,1,Global,3,Both,14,45-49 years,302,Diarrheal diseases,183,Clostridium difficile,1,Number,2007,95.8056224,95.8056224,58.15566524
1,Deaths,1,Global,3,Both,14,45-49 years,302,Diarrheal diseases,183,Clostridium difficile,1,Number,2008,99.40140101,99.40140101,61.33104906
1,Deaths,1,Global,3,Both,14,45-49 years,302,Diarrheal diseases,183,Clostridium difficile,1,Number,2009,117.0297728,117.0297728,73.99900913
1,Deaths,1,Global,3,Both,14,45-49 years,302,Diarrheal diseases,183,Clostridium difficile,1,Number,2010,134.3985615,134.3985615,84.78686052
1,Deaths,1,Global,3,Both,14,45-49 years,302,Diarrheal diseases,183,Clostridium difficile,1,Number,2011,158.7529262,158.7529262,96.99312946
1,Deaths,1,Global,3,Both,14,45-49 years,302,Diarrheal diseases,183,Clostridium difficile,1,Number,2012,175.8820498,175.8820498,110.742844
1,Deaths,1,Global,3,Both,14,45-49 years,302,Diarrheal diseases,183,Clostridium difficile,1,Number,2013,178.0750037,178.0750037,111.2416656
1,Deaths,1,Global,3,Both,14,45-49 years,302,Diarrheal diseases,183,Clostridium difficile,1,Number,2014,137.9038353,137.9038353,89.41634731
1,Deaths,1,Global,3,Both,14,45-49 years,302,Diarrheal diseases,183,Clostridium difficile,1,Number,2015,126.6390158,126.6390158,78.3699761
1,Deaths,1,Global,3,Both,14,45-49 years,302,Diarrheal diseases,183,Clostridium difficile,1,Number,2016,124.1101995,124.1101995,79.58312827
1,Deaths,1,Global,3,Both,14,45-49 years,302,Diarrheal diseases,183,Clostridium difficile,1,Number,2017,127.9219887,127.9219887,81.54024262
1,Deaths,1,Global,3,Both,14,45-49 years,302,Diarrheal diseases,183,Clostridium difficile,1,Number,2018,129.1928114,129.1928114,82.46752188
1,Deaths,1,Global,3,Both,14,45-49 years,302,Diarrheal diseases,183,Clostridium difficile,1,Number,2019,133.6937302,133.6937302,81.60156134
1,Deaths,1,Global,3,Both,14,45-49 years,302,Diarrheal diseases,183,Clostridium difficile,1,Number,2020,126.4468163,126.4468163,80.59205604
1,Deaths,1,Global,3,Both,14,45-49 years,302,Diarrheal diseases,183,Clostridium difficile,1,Number,2021,127.0005104,127.0005104,80.36137321
1,Deaths,1,Global,3,Both,15,50-54 years,302,Diarrheal diseases,183,Clostridium difficile,1,Number,1990,121.3945547,121.3945547,73.56531992
1,Deaths,1,Global,3,Both,15,50-54 years,302,Diarrheal diseases,183,Clostridium difficile,1,Number,1991,122.6721011,122.6721011,71.63822024
1,Deaths,1,Global,3,Both,15,50-54 years,302,Diarrheal diseases,183,Clostridium difficile,1,Number,1992,122.5369572,122.5369572,72.93365126
1,Deaths,1,Global,3,Both,15,50-54 years,302,Diarrheal diseases,183,Clostridium difficile,1,Number,1993,124.8484244,124.8484244,75.07189557
1,Deaths,1,Global,3,Both,15,50-54 years,302,Diarrheal diseases,183,Clostridium difficile,1,Number,1994,122.712414,122.712414,74.15692767
1,Deaths,1,Global,3,Both,15,50-54 years,302,Diarrheal diseases,183,Clostridium difficile,1,Number,1995,121.6586967,121.6586967,72.7816983
1,Deaths,1,Global,3,Both,15,50-54 years,302,Diarrheal diseases,183,Clostridium difficile,1,Number,1996,120.4480179,120.4480179,72.42119525
1,Deaths,1,Global,3,Both,15,50-54 years,302,Diarrheal diseases,183,Clostridium difficile,1,Number,1997,121.997423,121.997423,76.02549632
1,Deaths,1,Global,3,Both,15,50-54 years,302,Diarrheal diseases,183,Clostridium difficile,1,Number,1998,122.6768093,122.6768093,74.02555043
1,Deaths,1,Global,3,Both,15,50-54 years,302,Diarrheal diseases,183,Clostridium difficile,1,Number,1999,125.8954544,125.8954544,77.08230028
1,Deaths,1,Global,3,Both,15,50-54 years,302,Diarrheal diseases,183,Clostridium difficile,1,Number,2000,130.1061333,130.1061333,79.36178096
1,Deaths,1,Global,3,Both,15,50-54 years,302,Diarrheal diseases,183,Clostridium difficile,1,Number,2001,138.7191289,138.7191289,79.77064615
1,Deaths,1,Global,3,Both,15,50-54 years,302,Diarrheal diseases,183,Clostridium difficile,1,Number,2002,145.5892087,145.5892087,86.41620787
1,Deaths,1,Global,3,Both,15,50-54 years,302,Diarrheal diseases,183,Clostridium difficile,1,Number,2003,157.1308609,157.1308609,96.38785784
1,Deaths,1,Global,3,Both,15,50-54 years,302,Diarrheal diseases,183,Clostridium difficile,1,Number,2004,164.3931871,164.3931871,100.5443174
1,Deaths,1,Global,3,Both,15,50-54 years,302,Diarrheal diseases,183,Clostridium difficile,1,Number,2005,174.112784,174.112784,99.43941367
1,Deaths,1,Global,3,Both,15,50-54 years,302,Diarrheal diseases,183,Clostridium difficile,1,Number,2006,171.9756,171.9756,107.0158302
1,Deaths,1,Global,3,Both,15,50-54 years,302,Diarrheal diseases,183,Clostridium difficile,1,Number,2007,188.9690136,188.9690136,116.6386364
1,Deaths,1,Global,3,Both,15,50-54 years,302,Diarrheal diseases,183,Clostridium difficile,1,Number,2008,191.2969603,191.2969603,117.5274257
1,Deaths,1,Global,3,Both,15,50-54 years,302,Diarrheal diseases,183,Clostridium difficile,1,Number,2009,218.3395787,218.3395787,133.3810669
1,Deaths,1,Global,3,Both,15,50-54 years,302,Diarrheal diseases,183,Clostridium difficile,1,Number,2010,240.8510156,240.8510156,151.5241835
1,Deaths,1,Global,3,Both,15,50-54 years,302,Diarrheal diseases,183,Clostridium difficile,1,Number,2011,275.9866225,275.9866225,181.2902003
1,Deaths,1,Global,3,Both,15,50-54 years,302,Diarrheal diseases,183,Clostridium difficile,1,Number,2012,303.8812722,303.8812722,202.5255676
1,Deaths,1,Global,3,Both,15,50-54 years,302,Diarrheal diseases,183,Clostridium difficile,1,Number,2013,325.6311171,325.6311171,204.4135859
1,Deaths,1,Global,3,Both,15,50-54 years,302,Diarrheal diseases,183,Clostridium difficile,1,Number,2014,262.0547286,262.0547286,168.9595934
1,Deaths,1,Global,3,Both,15,50-54 years,302,Diarrheal diseases,183,Clostridium difficile,1,Number,2015,246.009307,246.009307,150.3229907
1,Deaths,1,Global,3,Both,15,50-54 years,302,Diarrheal diseases,183,Clostridium difficile,1,Number,2016,243.8350183,243.8350183,149.3948634
1,Deaths,1,Global,3,Both,15,50-54 years,302,Diarrheal diseases,183,Clostridium difficile,1,Number,2017,247.6021522,247.6021522,156.2952635
1,Deaths,1,Global,3,Both,15,50-54 years,302,Diarrheal diseases,183,Clostridium difficile,1,Number,2018,254.4843807,254.4843807,152.9828297
1,Deaths,1,Global,3,Both,15,50-54 years,302,Diarrheal diseases,183,Clostridium difficile,1,Number,2019,251.920598,251.920598,158.6542845
1,Deaths,1,Global,3,Both,15,50-54 years,302,Diarrheal diseases,183,Clostridium difficile,1,Number,2020,243.6734766,243.6734766,152.7348486
1,Deaths,1,Global,3,Both,15,50-54 years,302,Diarrheal diseases,183,Clostridium difficile,1,Number,2021,242.8090537,242.8090537,155.2064798
1,Deaths,1,Global,3,Both,16,55-59 years,302,Diarrheal diseases,183,Clostridium difficile,1,Number,1990,171.517862,171.517862,95.26962404
1,Deaths,1,Global,3,Both,16,55-59 years,302,Diarrheal diseases,183,Clostridium difficile,1,Number,1991,170.5496145,170.5496145,94.379174
1,Deaths,1,Global,3,Both,16,55-59 years,302,Diarrheal diseases,183,Clostridium difficile,1,Number,1992,171.2376783,171.2376783,96.07211233
1,Deaths,1,Global,3,Both,16,55-59 years,302,Diarrheal diseases,183,Clostridium difficile,1,Number,1993,175.7208043,175.7208043,100.9761261
1,Deaths,1,Global,3,Both,16,55-59 years,302,Diarrheal diseases,183,Clostridium difficile,1,Number,1994,173.9911805,173.9911805,107.2947422
1,Deaths,1,Global,3,Both,16,55-59 years,302,Diarrheal diseases,183,Clostridium difficile,1,Number,1995,177.6727798,177.6727798,104.8523786
1,Deaths,1,Global,3,Both,16,55-59 years,302,Diarrheal diseases,183,Clostridium difficile,1,Number,1996,179.0907768,179.0907768,103.6530148
1,Deaths,1,Global,3,Both,16,55-59 years,302,Diarrheal diseases,183,Clostridium difficile,1,Number,1997,178.832058,178.832058,106.098529
1,Deaths,1,Global,3,Both,16,55-59 years,302,Diarrheal diseases,183,Clostridium difficile,1,Number,1998,176.4137318,176.4137318,99.14974354
1,Deaths,1,Global,3,Both,16,55-59 years,302,Diarrheal diseases,183,Clostridium difficile,1,Number,1999,174.7574606,174.7574606,97.32764127
1,Deaths,1,Global,3,Both,16,55-59 years,302,Diarrheal diseases,183,Clostridium difficile,1,Number,2000,168.6833771,168.6833771,97.33564767
1,Deaths,1,Global,3,Both,16,55-59 years,302,Diarrheal diseases,183,Clostridium difficile,1,Number,2001,167.1343291,167.1343291,96.39667616
1,Deaths,1,Global,3,Both,16,55-59 years,302,Diarrheal diseases,183,Clostridium difficile,1,Number,2002,172.3477976,172.3477976,100.6346877
1,Deaths,1,Global,3,Both,16,55-59 years,302,Diarrheal diseases,183,Clostridium difficile,1,Number,2003,185.7469424,185.7469424,109.4352605
1,Deaths,1,Global,3,Both,16,55-59 years,302,Diarrheal diseases,183,Clostridium difficile,1,Number,2004,197.7965413,197.7965413,117.2545301
1,Deaths,1,Global,3,Both,16,55-59 years,302,Diarrheal diseases,183,Clostridium difficile,1,Number,2005,208.8251012,208.8251012,120.2935227
1,Deaths,1,Global,3,Both,16,55-59 years,302,Diarrheal diseases,183,Clostridium difficile,1,Number,2006,214.2964459,214.2964459,127.3583724
1,Deaths,1,Global,3,Both,16,55-59 years,302,Diarrheal diseases,183,Clostridium difficile,1,Number,2007,238.4440298,238.4440298,140.1643734
1,Deaths,1,Global,3,Both,16,55-59 years,302,Diarrheal diseases,183,Clostridium difficile,1,Number,2008,247.1188277,247.1188277,143.8787138
1,Deaths,1,Global,3,Both,16,55-59 years,302,Diarrheal diseases,183,Clostridium difficile,1,Number,2009,284.1629028,284.1629028,171.2093909
1,Deaths,1,Global,3,Both,16,55-59 years,302,Diarrheal diseases,183,Clostridium difficile,1,Number,2010,328.3855413,328.3855413,197.6918192
1,Deaths,1,Global,3,Both,16,55-59 years,302,Diarrheal diseases,183,Clostridium difficile,1,Number,2011,390.3929438,390.3929438,231.0090651
1,Deaths,1,Global,3,Both,16,55-59 years,302,Diarrheal diseases,183,Clostridium difficile,1,Number,2012,428.5298678,428.5298678,268.5632346
1,Deaths,1,Global,3,Both,16,55-59 years,302,Diarrheal diseases,183,Clostridium difficile,1,Number,2013,438.7142532,438.7142532,260.5810587
1,Deaths,1,Global,3,Both,16,55-59 years,302,Diarrheal diseases,183,Clostridium difficile,1,Number,2014,347.8800812,347.8800812,205.2954213
1,Deaths,1,Global,3,Both,16,55-59 years,302,Diarrheal diseases,183,Clostridium difficile,1,Number,2015,313.5676688,313.5676688,190.3917404
1,Deaths,1,Global,3,Both,16,55-59 years,302,Diarrheal diseases,183,Clostridium difficile,1,Number,2016,314.3841316,314.3841316,184.9381771
1,Deaths,1,Global,3,Both,16,55-59 years,302,Diarrheal diseases,183,Clostridium difficile,1,Number,2017,320.8673561,320.8673561,200.6913063
1,Deaths,1,Global,3,Both,16,55-59 years,302,Diarrheal diseases,183,Clostridium difficile,1,Number,2018,335.6093159,335.6093159,205.2503893
1,Deaths,1,Global,3,Both,16,55-59 years,302,Diarrheal diseases,183,Clostridium difficile,1,Number,2019,348.6804175,348.6804175,211.0219635
1,Deaths,1,Global,3,Both,16,55-59 years,302,Diarrheal diseases,183,Clostridium difficile,1,Number,2020,334.0712829,334.0712829,212.6409009
1,Deaths,1,Global,3,Both,16,55-59 years,302,Diarrheal diseases,183,Clostridium difficile,1,Number,2021,346.2532578,346.2532578,204.1814347
1,Deaths,1,Global,3,Both,17,60-64 years,302,Diarrheal diseases,183,Clostridium difficile,1,Number,1990,228.3635423,228.3635423,133.5681055
1,Deaths,1,Global,3,Both,17,60-64 years,302,Diarrheal diseases,183,Clostridium difficile,1,Number,1991,227.430492,227.430492,134.9111665
1,Deaths,1,Global,3,Both,17,60-64 years,302,Diarrheal diseases,183,Clostridium difficile,1,Number,1992,231.0481555,231.0481555,135.8118265
1,Deaths,1,Global,3,Both,17,60-64 years,302,Diarrheal diseases,183,Clostridium difficile,1,Number,1993,238.7481067,238.7481067,137.6665485
1,Deaths,1,Global,3,Both,17,60-64 years,302,Diarrheal diseases,183,Clostridium difficile,1,Number,1994,235.9917662,235.9917662,137.6344935
1,Deaths,1,Global,3,Both,17,60-64 years,302,Diarrheal diseases,183,Clostridium difficile,1,Number,1995,233.4557667,233.4557667,139.30634
1,Deaths,1,Global,3,Both,17,60-64 years,302,Diarrheal diseases,183,Clostridium difficile,1,Number,1996,233.0384984,233.0384984,140.3025854
1,Deaths,1,Global,3,Both,17,60-64 years,302,Diarrheal diseases,183,Clostridium difficile,1,Number,1997,241.0810323,241.0810323,142.0567119
1,Deaths,1,Global,3,Both,17,60-64 years,302,Diarrheal diseases,183,Clostridium difficile,1,Number,1998,236.4868688,236.4868688,142.7916841
1,Deaths,1,Global,3,Both,17,60-64 years,302,Diarrheal diseases,183,Clostridium difficile,1,Number,1999,242.4716825,242.4716825,140.9012441
1,Deaths,1,Global,3,Both,17,60-64 years,302,Diarrheal diseases,183,Clostridium difficile,1,Number,2000,238.2686438,238.2686438,145.6287529
1,Deaths,1,Global,3,Both,17,60-64 years,302,Diarrheal diseases,183,Clostridium difficile,1,Number,2001,241.0166306,241.0166306,143.0801204
1,Deaths,1,Global,3,Both,17,60-64 years,302,Diarrheal diseases,183,Clostridium difficile,1,Number,2002,242.4374967,242.4374967,151.7166026
1,Deaths,1,Global,3,Both,17,60-64 years,302,Diarrheal diseases,183,Clostridium difficile,1,Number,2003,256.3805242,256.3805242,155.7929557
1,Deaths,1,Global,3,Both,17,60-64 years,302,Diarrheal diseases,183,Clostridium difficile,1,Number,2004,260.7586334,260.7586334,153.1119817
1,Deaths,1,Global,3,Both,17,60-64 years,302,Diarrheal diseases,183,Clostridium difficile,1,Number,2005,260.5013861,260.5013861,151.3622932
1,Deaths,1,Global,3,Both,17,60-64 years,302,Diarrheal diseases,183,Clostridium difficile,1,Number,2006,254.3682935,254.3682935,158.9065953
1,Deaths,1,Global,3,Both,17,60-64 years,302,Diarrheal diseases,183,Clostridium difficile,1,Number,2007,282.0792893,282.0792893,173.4658641
1,Deaths,1,Global,3,Both,17,60-64 years,302,Diarrheal diseases,183,Clostridium difficile,1,Number,2008,287.224749,287.224749,182.5476376
1,Deaths,1,Global,3,Both,17,60-64 years,302,Diarrheal diseases,183,Clostridium difficile,1,Number,2009,356.0070088,356.0070088,214.9953601
1,Deaths,1,Global,3,Both,17,60-64 years,302,Diarrheal diseases,183,Clostridium difficile,1,Number,2010,412.507419,412.507419,249.034201
1,Deaths,1,Global,3,Both,17,60-64 years,302,Diarrheal diseases,183,Clostridium difficile,1,Number,2011,492.7769326,492.7769326,312.9663632
1,Deaths,1,Global,3,Both,17,60-64 years,302,Diarrheal diseases,183,Clostridium difficile,1,Number,2012,566.8246436,566.8246436,355.683223
1,Deaths,1,Global,3,Both,17,60-64 years,302,Diarrheal diseases,183,Clostridium difficile,1,Number,2013,558.3060479,558.3060479,366.5493462
1,Deaths,1,Global,3,Both,17,60-64 years,302,Diarrheal diseases,183,Clostridium difficile,1,Number,2014,446.6383544,446.6383544,279.0472526
1,Deaths,1,Global,3,Both,17,60-64 years,302,Diarrheal diseases,183,Clostridium difficile,1,Number,2015,413.2387084,413.2387084,261.2749491
1,Deaths,1,Global,3,Both,17,60-64 years,302,Diarrheal diseases,183,Clostridium difficile,1,Number,2016,412.1521091,412.1521091,254.616232
1,Deaths,1,Global,3,Both,17,60-64 years,302,Diarrheal diseases,183,Clostridium difficile,1,Number,2017,426.1061562,426.1061562,260.9181067
1,Deaths,1,Global,3,Both,17,60-64 years,302,Diarrheal diseases,183,Clostridium difficile,1,Number,2018,434.6885705,434.6885705,265.2933421
1,Deaths,1,Global,3,Both,17,60-64 years,302,Diarrheal diseases,183,Clostridium difficile,1,Number,2019,433.2935884,433.2935884,278.680705
1,Deaths,1,Global,3,Both,17,60-64 years,302,Diarrheal diseases,183,Clostridium difficile,1,Number,2020,418.3795755,418.3795755,267.2473681
1,Deaths,1,Global,3,Both,17,60-64 years,302,Diarrheal diseases,183,Clostridium difficile,1,Number,2021,416.6382139,416.6382139,268.3678104
1,Deaths,1,Global,3,Both,18,65-69 years,302,Diarrheal diseases,183,Clostridium difficile,1,Number,1990,265.7292523,265.7292523,155.3862026
1,Deaths,1,Global,3,Both,18,65-69 years,302,Diarrheal diseases,183,Clostridium difficile,1,Number,1991,265.3225392,265.3225392,157.2805207
1,Deaths,1,Global,3,Both,18,65-69 years,302,Diarrheal diseases,183,Clostridium difficile,1,Number,1992,267.5111619,267.5111619,164.6755504
1,Deaths,1,Global,3,Both,18,65-69 years,302,Diarrheal diseases,183,Clostridium difficile,1,Number,1993,280.5526917,280.5526917,168.6792766
1,Deaths,1,Global,3,Both,18,65-69 years,302,Diarrheal diseases,183,Clostridium difficile,1,Number,1994,281.5843543,281.5843543,176.2092018
1,Deaths,1,Global,3,Both,18,65-69 years,302,Diarrheal diseases,183,Clostridium difficile,1,Number,1995,288.316208,288.316208,176.5140094
1,Deaths,1,Global,3,Both,18,65-69 years,302,Diarrheal diseases,183,Clostridium difficile,1,Number,1996,291.9391661,291.9391661,180.3307904
1,Deaths,1,Global,3,Both,18,65-69 years,302,Diarrheal diseases,183,Clostridium difficile,1,Number,1997,303.0007995,303.0007995,181.9304043
1,Deaths,1,Global,3,Both,18,65-69 years,302,Diarrheal diseases,183,Clostridium difficile,1,Number,1998,296.7298436,296.7298436,180.4838158
1,Deaths,1,Global,3,Both,18,65-69 years,302,Diarrheal diseases,183,Clostridium difficile,1,Number,1999,294.4868288,294.4868288,180.7998374
1,Deaths,1,Global,3,Both,18,65-69 years,302,Diarrheal diseases,183,Clostridium difficile,1,Number,2000,292.4531441,292.4531441,178.3584721
1,Deaths,1,Global,3,Both,18,65-69 years,302,Diarrheal diseases,183,Clostridium difficile,1,Number,2001,292.6025434,292.6025434,182.1840816
1,Deaths,1,Global,3,Both,18,65-69 years,302,Diarrheal diseases,183,Clostridium difficile,1,Number,2002,305.2749847,305.2749847,187.2178034
1,Deaths,1,Global,3,Both,18,65-69 years,302,Diarrheal diseases,183,Clostridium difficile,1,Number,2003,321.8411069,321.8411069,202.9108473
1,Deaths,1,Global,3,Both,18,65-69 years,302,Diarrheal diseases,183,Clostridium difficile,1,Number,2004,332.7658018,332.7658018,206.0756226
1,Deaths,1,Global,3,Both,18,65-69 years,302,Diarrheal diseases,183,Clostridium difficile,1,Number,2005,333.8539081,333.8539081,208.6727227
1,Deaths,1,Global,3,Both,18,65-69 years,302,Diarrheal diseases,183,Clostridium difficile,1,Number,2006,333.6397009,333.6397009,203.8090499
1,Deaths,1,Global,3,Both,18,65-69 years,302,Diarrheal diseases,183,Clostridium difficile,1,Number,2007,357.26776,357.26776,216.9854614
1,Deaths,1,Global,3,Both,18,65-69 years,302,Diarrheal diseases,183,Clostridium difficile,1,Number,2008,358.5839857,358.5839857,222.9829752
1,Deaths,1,Global,3,Both,18,65-69 years,302,Diarrheal diseases,183,Clostridium difficile,1,Number,2009,423.9559898,423.9559898,265.8719775
1,Deaths,1,Global,3,Both,18,65-69 years,302,Diarrheal diseases,183,Clostridium difficile,1,Number,2010,489.5721692,489.5721692,308.9364344
1,Deaths,1,Global,3,Both,18,65-69 years,302,Diarrheal diseases,183,Clostridium difficile,1,Number,2011,574.7373964,574.7373964,376.1716107
1,Deaths,1,Global,3,Both,18,65-69 years,302,Diarrheal diseases,183,Clostridium difficile,1,Number,2012,662.8015647,662.8015647,410.0715178
1,Deaths,1,Global,3,Both,18,65-69 years,302,Diarrheal diseases,183,Clostridium difficile,1,Number,2013,640.3035407,640.3035407,420.5053246
1,Deaths,1,Global,3,Both,18,65-69 years,302,Diarrheal diseases,183,Clostridium difficile,1,Number,2014,493.2942632,493.2942632,324.8179719
1,Deaths,1,Global,3,Both,18,65-69 years,302,Diarrheal diseases,183,Clostridium difficile,1,Number,2015,457.4553419,457.4553419,293.4014783
1,Deaths,1,Global,3,Both,18,65-69 years,302,Diarrheal diseases,183,Clostridium difficile,1,Number,2016,476.6976065,476.6976065,288.8773639
1,Deaths,1,Global,3,Both,18,65-69 years,302,Diarrheal diseases,183,Clostridium difficile,1,Number,2017,495.8666143,495.8666143,313.7021548
1,Deaths,1,Global,3,Both,18,65-69 years,302,Diarrheal diseases,183,Clostridium difficile,1,Number,2018,524.3009589,524.3009589,320.7193522
1,Deaths,1,Global,3,Both,18,65-69 years,302,Diarrheal diseases,183,Clostridium difficile,1,Number,2019,525.5210382,525.5210382,346.2184033
1,Deaths,1,Global,3,Both,18,65-69 years,302,Diarrheal diseases,183,Clostridium difficile,1,Number,2020,522.3162469,522.3162469,333.5719613
1,Deaths,1,Global,3,Both,18,65-69 years,302,Diarrheal diseases,183,Clostridium difficile,1,Number,2021,527.1159654,527.1159654,327.044475
1,Deaths,1,Global,3,Both,19,70-74 years,302,Diarrheal diseases,183,Clostridium difficile,1,Number,1990,270.5663177,270.5663177,167.7403651
1,Deaths,1,Global,3,Both,19,70-74 years,302,Diarrheal diseases,183,Clostridium difficile,1,Number,1991,273.4553594,273.4553594,166.1157947
1,Deaths,1,Global,3,Both,19,70-74 years,302,Diarrheal diseases,183,Clostridium difficile,1,Number,1992,281.9662943,281.9662943,171.8948482
1,Deaths,1,Global,3,Both,19,70-74 years,302,Diarrheal diseases,183,Clostridium difficile,1,Number,1993,294.2544568,294.2544568,179.0038775
1,Deaths,1,Global,3,Both,19,70-74 years,302,Diarrheal diseases,183,Clostridium difficile,1,Number,1994,298.4673955,298.4673955,185.4304509
1,Deaths,1,Global,3,Both,19,70-74 years,302,Diarrheal diseases,183,Clostridium difficile,1,Number,1995,302.5518741,302.5518741,194.8705064
1,Deaths,1,Global,3,Both,19,70-74 years,302,Diarrheal diseases,183,Clostridium difficile,1,Number,1996,316.9843204,316.9843204,189.7391784
1,Deaths,1,Global,3,Both,19,70-74 years,302,Diarrheal diseases,183,Clostridium difficile,1,Number,1997,328.6436101,328.6436101,197.5262122
1,Deaths,1,Global,3,Both,19,70-74 years,302,Diarrheal diseases,183,Clostridium difficile,1,Number,1998,327.1018921,327.1018921,202.5528793
1,Deaths,1,Global,3,Both,19,70-74 years,302,Diarrheal diseases,183,Clostridium difficile,1,Number,1999,335.8460474,335.8460474,207.5885652
1,Deaths,1,Global,3,Both,19,70-74 years,302,Diarrheal diseases,183,Clostridium difficile,1,Number,2000,340.0032449,340.0032449,205.2831918
1,Deaths,1,Global,3,Both,19,70-74 years,302,Diarrheal diseases,183,Clostridium difficile,1,Number,2001,339.8142389,339.8142389,213.6957878
1,Deaths,1,Global,3,Both,19,70-74 years,302,Diarrheal diseases,183,Clostridium difficile,1,Number,2002,357.985568,357.985568,217.5848729
1,Deaths,1,Global,3,Both,19,70-74 years,302,Diarrheal diseases,183,Clostridium difficile,1,Number,2003,381.1878648,381.1878648,231.8478947
1,Deaths,1,Global,3,Both,19,70-74 years,302,Diarrheal diseases,183,Clostridium difficile,1,Number,2004,389.0519555,389.0519555,239.5977401
1,Deaths,1,Global,3,Both,19,70-74 years,302,Diarrheal diseases,183,Clostridium difficile,1,Number,2005,387.0589214,387.0589214,243.7030901
1,Deaths,1,Global,3,Both,19,70-74 years,302,Diarrheal diseases,183,Clostridium difficile,1,Number,2006,391.5186615,391.5186615,241.00221
1,Deaths,1,Global,3,Both,19,70-74 years,302,Diarrheal diseases,183,Clostridium difficile,1,Number,2007,434.8447879,434.8447879,263.4047212
1,Deaths,1,Global,3,Both,19,70-74 years,302,Diarrheal diseases,183,Clostridium difficile,1,Number,2008,431.8942468,431.8942468,274.8206537
1,Deaths,1,Global,3,Both,19,70-74 years,302,Diarrheal diseases,183,Clostridium difficile,1,Number,2009,510.3784977,510.3784977,322.7438876
1,Deaths,1,Global,3,Both,19,70-74 years,302,Diarrheal diseases,183,Clostridium difficile,1,Number,2010,571.0160152,571.0160152,372.1658406
1,Deaths,1,Global,3,Both,19,70-74 years,302,Diarrheal diseases,183,Clostridium difficile,1,Number,2011,674.3410454,674.3410454,434.2636245
1,Deaths,1,Global,3,Both,19,70-74 years,302,Diarrheal diseases,183,Clostridium difficile,1,Number,2012,749.0628043,749.0628043,487.975468
1,Deaths,1,Global,3,Both,19,70-74 years,302,Diarrheal diseases,183,Clostridium difficile,1,Number,2013,734.2657068,734.2657068,487.3319845
1,Deaths,1,Global,3,Both,19,70-74 years,302,Diarrheal diseases,183,Clostridium difficile,1,Number,2014,565.8958332,565.8958332,358.1262309
1,Deaths,1,Global,3,Both,19,70-74 years,302,Diarrheal diseases,183,Clostridium difficile,1,Number,2015,505.53453,505.53453,320.9515174
1,Deaths,1,Global,3,Both,19,70-74 years,302,Diarrheal diseases,183,Clostridium difficile,1,Number,2016,506.8415186,506.8415186,319.3579487
1,Deaths,1,Global,3,Both,19,70-74 years,302,Diarrheal diseases,183,Clostridium difficile,1,Number,2017,544.2542294,544.2542294,325.8445728
1,Deaths,1,Global,3,Both,19,70-74 years,302,Diarrheal diseases,183,Clostridium difficile,1,Number,2018,543.5135941,543.5135941,350.8698863
1,Deaths,1,Global,3,Both,19,70-74 years,302,Diarrheal diseases,183,Clostridium difficile,1,Number,2019,565.3736315,565.3736315,358.9504753
1,Deaths,1,Global,3,Both,19,70-74 years,302,Diarrheal diseases,183,Clostridium difficile,1,Number,2020,562.0098194,562.0098194,344.3343156
1,Deaths,1,Global,3,Both,19,70-74 years,302,Diarrheal diseases,183,Clostridium difficile,1,Number,2021,565.7517758,565.7517758,367.5413357
1,Deaths,1,Global,3,Both,20,75-79 years,302,Diarrheal diseases,183,Clostridium difficile,1,Number,1990,289.7486392,289.7486392,172.9562878
1,Deaths,1,Global,3,Both,20,75-79 years,302,Diarrheal diseases,183,Clostridium difficile,1,Number,1991,284.7626927,284.7626927,165.6099423
1,Deaths,1,Global,3,Both,20,75-79 years,302,Diarrheal diseases,183,Clostridium difficile,1,Number,1992,278.9793503,278.9793503,168.5334942
1,Deaths,1,Global,3,Both,20,75-79 years,302,Diarrheal diseases,183,Clostridium difficile,1,Number,1993,276.046294,276.046294,168.2095959
1,Deaths,1,Global,3,Both,20,75-79 years,302,Diarrheal diseases,183,Clostridium difficile,1,Number,1994,268.4464433,268.4464433,169.8496757
1,Deaths,1,Global,3,Both,20,75-79 years,302,Diarrheal diseases,183,Clostridium difficile,1,Number,1995,277.2910263,277.2910263,168.6424206
1,Deaths,1,Global,3,Both,20,75-79 years,302,Diarrheal diseases,183,Clostridium difficile,1,Number,1996,281.2523805,281.2523805,172.2297951
1,Deaths,1,Global,3,Both,20,75-79 years,302,Diarrheal diseases,183,Clostridium difficile,1,Number,1997,290.7137535,290.7137535,180.7839226
1,Deaths,1,Global,3,Both,20,75-79 years,302,Diarrheal diseases,183,Clostridium difficile,1,Number,1998,292.034553,292.034553,184.7509792
1,Deaths,1,Global,3,Both,20,75-79 years,302,Diarrheal diseases,183,Clostridium difficile,1,Number,1999,304.7961041,304.7961041,189.3485234
1,Deaths,1,Global,3,Both,20,75-79 years,302,Diarrheal diseases,183,Clostridium difficile,1,Number,2000,306.8916817,306.8916817,194.6062415
1,Deaths,1,Global,3,Both,20,75-79 years,302,Diarrheal diseases,183,Clostridium difficile,1,Number,2001,314.9995178,314.9995178,196.8419729
1,Deaths,1,Global,3,Both,20,75-79 years,302,Diarrheal diseases,183,Clostridium difficile,1,Number,2002,333.3845798,333.3845798,206.1122928
1,Deaths,1,Global,3,Both,20,75-79 years,302,Diarrheal diseases,183,Clostridium difficile,1,Number,2003,358.6871316,358.6871316,225.7995055
1,Deaths,1,Global,3,Both,20,75-79 years,302,Diarrheal diseases,183,Clostridium difficile,1,Number,2004,381.2653626,381.2653626,234.3390101
1,Deaths,1,Global,3,Both,20,75-79 years,302,Diarrheal diseases,183,Clostridium difficile,1,Number,2005,387.8576255,387.8576255,243.4294421
1,Deaths,1,Global,3,Both,20,75-79 years,302,Diarrheal diseases,183,Clostridium difficile,1,Number,2006,393.5793575,393.5793575,247.0612896
1,Deaths,1,Global,3,Both,20,75-79 years,302,Diarrheal diseases,183,Clostridium difficile,1,Number,2007,430.7624333,430.7624333,269.7022481
1,Deaths,1,Global,3,Both,20,75-79 years,302,Diarrheal diseases,183,Clostridium difficile,1,Number,2008,433.0212977,433.0212977,281.5294275
1,Deaths,1,Global,3,Both,20,75-79 years,302,Diarrheal diseases,183,Clostridium difficile,1,Number,2009,512.8534057,512.8534057,318.0443361
1,Deaths,1,Global,3,Both,20,75-79 years,302,Diarrheal diseases,183,Clostridium difficile,1,Number,2010,567.618267,567.618267,359.5514139
1,Deaths,1,Global,3,Both,20,75-79 years,302,Diarrheal diseases,183,Clostridium difficile,1,Number,2011,664.9399981,664.9399981,415.8334238
1,Deaths,1,Global,3,Both,20,75-79 years,302,Diarrheal diseases,183,Clostridium difficile,1,Number,2012,726.2481848,726.2481848,476.1696191
1,Deaths,1,Global,3,Both,20,75-79 years,302,Diarrheal diseases,183,Clostridium difficile,1,Number,2013,738.4811843,738.4811843,483.8294775
1,Deaths,1,Global,3,Both,20,75-79 years,302,Diarrheal diseases,183,Clostridium difficile,1,Number,2014,602.0054379,602.0054379,393.8291065
1,Deaths,1,Global,3,Both,20,75-79 years,302,Diarrheal diseases,183,Clostridium difficile,1,Number,2015,555.6060319,555.6060319,353.9373975
1,Deaths,1,Global,3,Both,20,75-79 years,302,Diarrheal diseases,183,Clostridium difficile,1,Number,2016,545.9904928,545.9904928,350.4722427
1,Deaths,1,Global,3,Both,20,75-79 years,302,Diarrheal diseases,183,Clostridium difficile,1,Number,2017,554.9832387,554.9832387,362.9294134
1,Deaths,1,Global,3,Both,20,75-79 years,302,Diarrheal diseases,183,Clostridium difficile,1,Number,2018,568.1553676,568.1553676,353.6797835
1,Deaths,1,Global,3,Both,20,75-79 years,302,Diarrheal diseases,183,Clostridium difficile,1,Number,2019,572.3481087,572.3481087,363.0603144
1,Deaths,1,Global,3,Both,20,75-79 years,302,Diarrheal diseases,183,Clostridium difficile,1,Number,2020,538.8029277,538.8029277,350.9206669
1,Deaths,1,Global,3,Both,20,75-79 years,302,Diarrheal diseases,183,Clostridium difficile,1,Number,2021,535.4502417,535.4502417,347.4626487
1,Deaths,1,Global,3,Both,30,80-84 years,302,Diarrheal diseases,183,Clostridium difficile,1,Number,1990,240.793038,240.793038,136.3955932
1,Deaths,1,Global,3,Both,30,80-84 years,302,Diarrheal diseases,183,Clostridium difficile,1,Number,1991,233.7074654,233.7074654,141.4693819
1,Deaths,1,Global,3,Both,30,80-84 years,302,Diarrheal diseases,183,Clostridium difficile,1,Number,1992,238.4915793,238.4915793,144.8385529
1,Deaths,1,Global,3,Both,30,80-84 years,302,Diarrheal diseases,183,Clostridium difficile,1,Number,1993,245.9138284,245.9138284,145.8977723
1,Deaths,1,Global,3,Both,30,80-84 years,302,Diarrheal diseases,183,Clostridium difficile,1,Number,1994,246.2065898,246.2065898,149.2730869
1,Deaths,1,Global,3,Both,30,80-84 years,302,Diarrheal diseases,183,Clostridium difficile,1,Number,1995,255.6212016,255.6212016,148.6230772
1,Deaths,1,Global,3,Both,30,80-84 years,302,Diarrheal diseases,183,Clostridium difficile,1,Number,1996,246.3328535,246.3328535,154.7854379
1,Deaths,1,Global,3,Both,30,80-84 years,302,Diarrheal diseases,183,Clostridium difficile,1,Number,1997,251.2229457,251.2229457,149.4982848
1,Deaths,1,Global,3,Both,30,80-84 years,302,Diarrheal diseases,183,Clostridium difficile,1,Number,1998,244.1210076,244.1210076,142.9563022
1,Deaths,1,Global,3,Both,30,80-84 years,302,Diarrheal diseases,183,Clostridium difficile,1,Number,1999,245.4175344,245.4175344,141.7594559
1,Deaths,1,Global,3,Both,30,80-84 years,302,Diarrheal diseases,183,Clostridium difficile,1,Number,2000,240.5956734,240.5956734,142.9514858
1,Deaths,1,Global,3,Both,30,80-84 years,302,Diarrheal diseases,183,Clostridium difficile,1,Number,2001,239.1826894,239.1826894,150.8922971
1,Deaths,1,Global,3,Both,30,80-84 years,302,Diarrheal diseases,183,Clostridium difficile,1,Number,2002,257.719134,257.719134,156.6964346
1,Deaths,1,Global,3,Both,30,80-84 years,302,Diarrheal diseases,183,Clostridium difficile,1,Number,2003,283.3937812,283.3937812,171.4290875
1,Deaths,1,Global,3,Both,30,80-84 years,302,Diarrheal diseases,183,Clostridium difficile,1,Number,2004,299.2954812,299.2954812,187.2455312
1,Deaths,1,Global,3,Both,30,80-84 years,302,Diarrheal diseases,183,Clostridium difficile,1,Number,2005,316.0740862,316.0740862,189.1396403
1,Deaths,1,Global,3,Both,30,80-84 years,302,Diarrheal diseases,183,Clostridium difficile,1,Number,2006,326.9912155,326.9912155,192.1556245
1,Deaths,1,Global,3,Both,30,80-84 years,302,Diarrheal diseases,183,Clostridium difficile,1,Number,2007,360.4927538,360.4927538,218.6982136
1,Deaths,1,Global,3,Both,30,80-84 years,302,Diarrheal diseases,183,Clostridium difficile,1,Number,2008,374.2507129,374.2507129,225.6611083
1,Deaths,1,Global,3,Both,30,80-84 years,302,Diarrheal diseases,183,Clostridium difficile,1,Number,2009,432.3139377,432.3139377,264.6051127
1,Deaths,1,Global,3,Both,30,80-84 years,302,Diarrheal diseases,183,Clostridium difficile,1,Number,2010,481.6978989,481.6978989,296.9821341
1,Deaths,1,Global,3,Both,30,80-84 years,302,Diarrheal diseases,183,Clostridium difficile,1,Number,2011,553.9302933,553.9302933,343.9192109
1,Deaths,1,Global,3,Both,30,80-84 years,302,Diarrheal diseases,183,Clostridium difficile,1,Number,2012,629.7980904,629.7980904,375.9616906
1,Deaths,1,Global,3,Both,30,80-84 years,302,Diarrheal diseases,183,Clostridium difficile,1,Number,2013,663.5890124,663.5890124,406.4872299
1,Deaths,1,Global,3,Both,30,80-84 years,302,Diarrheal diseases,183,Clostridium difficile,1,Number,2014,575.0201176,575.0201176,354.8468794
1,Deaths,1,Global,3,Both,30,80-84 years,302,Diarrheal diseases,183,Clostridium difficile,1,Number,2015,529.3116514,529.3116514,326.2952393
1,Deaths,1,Global,3,Both,30,80-84 years,302,Diarrheal diseases,183,Clostridium difficile,1,Number,2016,529.537779,529.537779,319.2093281
1,Deaths,1,Global,3,Both,30,80-84 years,302,Diarrheal diseases,183,Clostridium difficile,1,Number,2017,553.2057453,553.2057453,318.7753495
1,Deaths,1,Global,3,Both,30,80-84 years,302,Diarrheal diseases,183,Clostridium difficile,1,Number,2018,539.3207607,539.3207607,333.0528304
1,Deaths,1,Global,3,Both,30,80-84 years,302,Diarrheal diseases,183,Clostridium difficile,1,Number,2019,549.9989888,549.9989888,332.4034145
1,Deaths,1,Global,3,Both,30,80-84 years,302,Diarrheal diseases,183,Clostridium difficile,1,Number,2020,518.4996875,518.4996875,330.1403494
1,Deaths,1,Global,3,Both,30,80-84 years,302,Diarrheal diseases,183,Clostridium difficile,1,Number,2021,517.0960481,517.0960481,321.8775518
1,Deaths,1,Global,3,Both,31,85-89 years,302,Diarrheal diseases,183,Clostridium difficile,1,Number,1990,155.3049786,155.3049786,86.74116419
1,Deaths,1,Global,3,Both,31,85-89 years,302,Diarrheal diseases,183,Clostridium difficile,1,Number,1991,151.2484895,151.2484895,91.24460527
1,Deaths,1,Global,3,Both,31,85-89 years,302,Diarrheal diseases,183,Clostridium difficile,1,Number,1992,155.5321111,155.5321111,95.32293113
1,Deaths,1,Global,3,Both,31,85-89 years,302,Diarrheal diseases,183,Clostridium difficile,1,Number,1993,161.104569,161.104569,95.16639449
1,Deaths,1,Global,3,Both,31,85-89 years,302,Diarrheal diseases,183,Clostridium difficile,1,Number,1994,165.3508613,165.3508613,97.32893967
1,Deaths,1,Global,3,Both,31,85-89 years,302,Diarrheal diseases,183,Clostridium difficile,1,Number,1995,171.7655464,171.7655464,101.8388067
1,Deaths,1,Global,3,Both,31,85-89 years,302,Diarrheal diseases,183,Clostridium difficile,1,Number,1996,177.6812508,177.6812508,99.91428631
1,Deaths,1,Global,3,Both,31,85-89 years,302,Diarrheal diseases,183,Clostridium difficile,1,Number,1997,178.8268423,178.8268423,105.6000581
1,Deaths,1,Global,3,Both,31,85-89 years,302,Diarrheal diseases,183,Clostridium difficile,1,Number,1998,177.2255717,177.2255717,103.9688127
1,Deaths,1,Global,3,Both,31,85-89 years,302,Diarrheal diseases,183,Clostridium difficile,1,Number,1999,182.3794647,182.3794647,104.924682
1,Deaths,1,Global,3,Both,31,85-89 years,302,Diarrheal diseases,183,Clostridium difficile,1,Number,2000,177.2056874,177.2056874,110.356521
1,Deaths,1,Global,3,Both,31,85-89 years,302,Diarrheal diseases,183,Clostridium difficile,1,Number,2001,184.5949625,184.5949625,103.6314016
1,Deaths,1,Global,3,Both,31,85-89 years,302,Diarrheal diseases,183,Clostridium difficile,1,Number,2002,186.6965819,186.6965819,107.3516384
1,Deaths,1,Global,3,Both,31,85-89 years,302,Diarrheal diseases,183,Clostridium difficile,1,Number,2003,196.5008085,196.5008085,114.1982209
1,Deaths,1,Global,3,Both,31,85-89 years,302,Diarrheal diseases,183,Clostridium difficile,1,Number,2004,202.8341016,202.8341016,120.1794917
1,Deaths,1,Global,3,Both,31,85-89 years,302,Diarrheal diseases,183,Clostridium difficile,1,Number,2005,212.2574437,212.2574437,119.858951
1,Deaths,1,Global,3,Both,31,85-89 years,302,Diarrheal diseases,183,Clostridium difficile,1,Number,2006,215.9886748,215.9886748,127.7345663
1,Deaths,1,Global,3,Both,31,85-89 years,302,Diarrheal diseases,183,Clostridium difficile,1,Number,2007,247.1801239,247.1801239,141.0259352
1,Deaths,1,Global,3,Both,31,85-89 years,302,Diarrheal diseases,183,Clostridium difficile,1,Number,2008,250.1369232,250.1369232,148.2461404
1,Deaths,1,Global,3,Both,31,85-89 years,302,Diarrheal diseases,183,Clostridium difficile,1,Number,2009,282.6579073,282.6579073,173.9548975
1,Deaths,1,Global,3,Both,31,85-89 years,302,Diarrheal diseases,183,Clostridium difficile,1,Number,2010,309.1939054,309.1939054,192.2630421
1,Deaths,1,Global,3,Both,31,85-89 years,302,Diarrheal diseases,183,Clostridium difficile,1,Number,2011,354.9853276,354.9853276,213.0406278
1,Deaths,1,Global,3,Both,31,85-89 years,302,Diarrheal diseases,183,Clostridium difficile,1,Number,2012,411.0722619,411.0722619,238.3722877
1,Deaths,1,Global,3,Both,31,85-89 years,302,Diarrheal diseases,183,Clostridium difficile,1,Number,2013,448.0570529,448.0570529,277.7248315
1,Deaths,1,Global,3,Both,31,85-89 years,302,Diarrheal diseases,183,Clostridium difficile,1,Number,2014,422.6918659,422.6918659,250.1819193
1,Deaths,1,Global,3,Both,31,85-89 years,302,Diarrheal diseases,183,Clostridium difficile,1,Number,2015,401.8818645,401.8818645,238.7671484
1,Deaths,1,Global,3,Both,31,85-89 years,302,Diarrheal diseases,183,Clostridium difficile,1,Number,2016,407.5638764,407.5638764,238.1211794
1,Deaths,1,Global,3,Both,31,85-89 years,302,Diarrheal diseases,183,Clostridium difficile,1,Number,2017,415.522835,415.522835,244.699342
1,Deaths,1,Global,3,Both,31,85-89 years,302,Diarrheal diseases,183,Clostridium difficile,1,Number,2018,410.6507749,410.6507749,244.6131586
1,Deaths,1,Global,3,Both,31,85-89 years,302,Diarrheal diseases,183,Clostridium difficile,1,Number,2019,415.9702685,415.9702685,249.3014432
1,Deaths,1,Global,3,Both,31,85-89 years,302,Diarrheal diseases,183,Clostridium difficile,1,Number,2020,396.8761315,396.8761315,244.8786
1,Deaths,1,Global,3,Both,31,85-89 years,302,Diarrheal diseases,183,Clostridium difficile,1,Number,2021,400.255211,400.255211,234.8710245
1,Deaths,1,Global,3,Both,32,90-94 years,302,Diarrheal diseases,183,Clostridium difficile,1,Number,1990,58.64261266,58.64261266,34.33818887
1,Deaths,1,Global,3,Both,32,90-94 years,302,Diarrheal diseases,183,Clostridium difficile,1,Number,1991,59.19888999,59.19888999,35.00833755
1,Deaths,1,Global,3,Both,32,90-94 years,302,Diarrheal diseases,183,Clostridium difficile,1,Number,1992,61.84689573,61.84689573,37.79168153
1,Deaths,1,Global,3,Both,32,90-94 years,302,Diarrheal diseases,183,Clostridium difficile,1,Number,1993,65.34354455,65.34354455,39.47838717
1,Deaths,1,Global,3,Both,32,90-94 years,302,Diarrheal diseases,183,Clostridium difficile,1,Number,1994,69.10542391,69.10542391,41.06506821
1,Deaths,1,Global,3,Both,32,90-94 years,302,Diarrheal diseases,183,Clostridium difficile,1,Number,1995,75.07046423,75.07046423,43.26462896
1,Deaths,1,Global,3,Both,32,90-94 years,302,Diarrheal diseases,183,Clostridium difficile,1,Number,1996,77.80805518,77.80805518,44.16320219
1,Deaths,1,Global,3,Both,32,90-94 years,302,Diarrheal diseases,183,Clostridium difficile,1,Number,1997,81.09712313,81.09712313,46.72532279
1,Deaths,1,Global,3,Both,32,90-94 years,302,Diarrheal diseases,183,Clostridium difficile,1,Number,1998,80.47838047,80.47838047,46.55198387
1,Deaths,1,Global,3,Both,32,90-94 years,302,Diarrheal diseases,183,Clostridium difficile,1,Number,1999,82.92095633,82.92095633,47.9018797
1,Deaths,1,Global,3,Both,32,90-94 years,302,Diarrheal diseases,183,Clostridium difficile,1,Number,2000,83.35477092,83.35477092,48.72475195
1,Deaths,1,Global,3,Both,32,90-94 years,302,Diarrheal diseases,183,Clostridium difficile,1,Number,2001,84.97548825,84.97548825,50.14911987
1,Deaths,1,Global,3,Both,32,90-94 years,302,Diarrheal diseases,183,Clostridium difficile,1,Number,2002,88.85886344,88.85886344,51.76031065
1,Deaths,1,Global,3,Both,32,90-94 years,302,Diarrheal diseases,183,Clostridium difficile,1,Number,2003,95.32424398,95.32424398,55.63415053
1,Deaths,1,Global,3,Both,32,90-94 years,302,Diarrheal diseases,183,Clostridium difficile,1,Number,2004,98.56836099,98.56836099,57.49511581
1,Deaths,1,Global,3,Both,32,90-94 years,302,Diarrheal diseases,183,Clostridium difficile,1,Number,2005,101.3150851,101.3150851,57.86369363
1,Deaths,1,Global,3,Both,32,90-94 years,302,Diarrheal diseases,183,Clostridium difficile,1,Number,2006,100.925127,100.925127,59.83304702
1,Deaths,1,Global,3,Both,32,90-94 years,302,Diarrheal diseases,183,Clostridium difficile,1,Number,2007,111.7596519,111.7596519,65.2982521
1,Deaths,1,Global,3,Both,32,90-94 years,302,Diarrheal diseases,183,Clostridium difficile,1,Number,2008,112.7058669,112.7058669,65.47466157
1,Deaths,1,Global,3,Both,32,90-94 years,302,Diarrheal diseases,183,Clostridium difficile,1,Number,2009,124.4534052,124.4534052,75.77473313
1,Deaths,1,Global,3,Both,32,90-94 years,302,Diarrheal diseases,183,Clostridium difficile,1,Number,2010,139.2062602,139.2062602,82.7310694
1,Deaths,1,Global,3,Both,32,90-94 years,302,Diarrheal diseases,183,Clostridium difficile,1,Number,2011,158.5736719,158.5736719,93.07393935
1,Deaths,1,Global,3,Both,32,90-94 years,302,Diarrheal diseases,183,Clostridium difficile,1,Number,2012,184.2887846,184.2887846,107.82463
1,Deaths,1,Global,3,Both,32,90-94 years,302,Diarrheal diseases,183,Clostridium difficile,1,Number,2013,204.6738603,204.6738603,130.3139026
1,Deaths,1,Global,3,Both,32,90-94 years,302,Diarrheal diseases,183,Clostridium difficile,1,Number,2014,195.8060048,195.8060048,121.3426854
1,Deaths,1,Global,3,Both,32,90-94 years,302,Diarrheal diseases,183,Clostridium difficile,1,Number,2015,190.6616692,190.6616692,115.2389202
1,Deaths,1,Global,3,Both,32,90-94 years,302,Diarrheal diseases,183,Clostridium difficile,1,Number,2016,196.0564098,196.0564098,115.4539942
1,Deaths,1,Global,3,Both,32,90-94 years,302,Diarrheal diseases,183,Clostridium difficile,1,Number,2017,202.3267232,202.3267232,121.586201
1,Deaths,1,Global,3,Both,32,90-94 years,302,Diarrheal diseases,183,Clostridium difficile,1,Number,2018,208.7890624,208.7890624,119.603077
1,Deaths,1,Global,3,Both,32,90-94 years,302,Diarrheal diseases,183,Clostridium difficile,1,Number,2019,212.2138704,212.2138704,128.714463
1,Deaths,1,Global,3,Both,32,90-94 years,302,Diarrheal diseases,183,Clostridium difficile,1,Number,2020,205.8961305,205.8961305,122.9390735
1,Deaths,1,Global,3,Both,32,90-94 years,302,Diarrheal diseases,183,Clostridium difficile,1,Number,2021,205.0985191,205.0985191,119.9404465
1,Deaths,1,Global,3,Both,235,95+ years,302,Diarrheal diseases,183,Clostridium difficile,1,Number,1990,16.14712008,16.14712008,8.882496571
1,Deaths,1,Global,3,Both,235,95+ years,302,Diarrheal diseases,183,Clostridium difficile,1,Number,1991,15.66024099,15.66024099,8.767056597
1,Deaths,1,Global,3,Both,235,95+ years,302,Diarrheal diseases,183,Clostridium difficile,1,Number,1992,16.4370203,16.4370203,9.46981945
1,Deaths,1,Global,3,Both,235,95+ years,302,Diarrheal diseases,183,Clostridium difficile,1,Number,1993,17.77331098,17.77331098,9.822932749
1,Deaths,1,Global,3,Both,235,95+ years,302,Diarrheal diseases,183,Clostridium difficile,1,Number,1994,18.51158416,18.51158416,10.65861733
1,Deaths,1,Global,3,Both,235,95+ years,302,Diarrheal diseases,183,Clostridium difficile,1,Number,1995,20.57709735,20.57709735,11.44002008
1,Deaths,1,Global,3,Both,235,95+ years,302,Diarrheal diseases,183,Clostridium difficile,1,Number,1996,21.64226626,21.64226626,12.18791017
1,Deaths,1,Global,3,Both,235,95+ years,302,Diarrheal diseases,183,Clostridium difficile,1,Number,1997,23.08985174,23.08985174,12.84915555
1,Deaths,1,Global,3,Both,235,95+ years,302,Diarrheal diseases,183,Clostridium difficile,1,Number,1998,23.2060132,23.2060132,13.15367124
1,Deaths,1,Global,3,Both,235,95+ years,302,Diarrheal diseases,183,Clostridium difficile,1,Number,1999,24.79143006,24.79143006,13.2219156
1,Deaths,1,Global,3,Both,235,95+ years,302,Diarrheal diseases,183,Clostridium difficile,1,Number,2000,25.25517285,25.25517285,14.21120532
1,Deaths,1,Global,3,Both,235,95+ years,302,Diarrheal diseases,183,Clostridium difficile,1,Number,2001,26.28773595,26.28773595,14.83778565
1,Deaths,1,Global,3,Both,235,95+ years,302,Diarrheal diseases,183,Clostridium difficile,1,Number,2002,28.32602375,28.32602375,15.48129713
1,Deaths,1,Global,3,Both,235,95+ years,302,Diarrheal diseases,183,Clostridium difficile,1,Number,2003,30.53608638,30.53608638,17.13769819
1,Deaths,1,Global,3,Both,235,95+ years,302,Diarrheal diseases,183,Clostridium difficile,1,Number,2004,32.30223256,32.30223256,17.7192213
1,Deaths,1,Global,3,Both,235,95+ years,302,Diarrheal diseases,183,Clostridium difficile,1,Number,2005,33.63761758,33.63761758,18.45175181
1,Deaths,1,Global,3,Both,235,95+ years,302,Diarrheal diseases,183,Clostridium difficile,1,Number,2006,34.49201886,34.49201886,18.42891307
1,Deaths,1,Global,3,Both,235,95+ years,302,Diarrheal diseases,183,Clostridium difficile,1,Number,2007,36.93252022,36.93252022,21.0485548
1,Deaths,1,Global,3,Both,235,95+ years,302,Diarrheal diseases,183,Clostridium difficile,1,Number,2008,38.605582,38.605582,21.88984378
1,Deaths,1,Global,3,Both,235,95+ years,302,Diarrheal diseases,183,Clostridium difficile,1,Number,2009,44.03365207,44.03365207,24.13075272
1,Deaths,1,Global,3,Both,235,95+ years,302,Diarrheal diseases,183,Clostridium difficile,1,Number,2010,48.29811211,48.29811211,27.15125197
1,Deaths,1,Global,3,Both,235,95+ years,302,Diarrheal diseases,183,Clostridium difficile,1,Number,2011,52.25199657,52.25199657,29.64088766
1,Deaths,1,Global,3,Both,235,95+ years,302,Diarrheal diseases,183,Clostridium difficile,1,Number,2012,60.36222525,60.36222525,34.21643156
1,Deaths,1,Global,3,Both,235,95+ years,302,Diarrheal diseases,183,Clostridium difficile,1,Number,2013,70.91488462,70.91488462,40.02990795
1,Deaths,1,Global,3,Both,235,95+ years,302,Diarrheal diseases,183,Clostridium difficile,1,Number,2014,65.79519496,65.79519496,37.5268738
1,Deaths,1,Global,3,Both,235,95+ years,302,Diarrheal diseases,183,Clostridium difficile,1,Number,2015,64.60463052,64.60463052,35.68437513
1,Deaths,1,Global,3,Both,235,95+ years,302,Diarrheal diseases,183,Clostridium difficile,1,Number,2016,66.44486705,66.44486705,37.32973676
1,Deaths,1,Global,3,Both,235,95+ years,302,Diarrheal diseases,183,Clostridium difficile,1,Number,2017,70.90935174,70.90935174,40.53060644
1,Deaths,1,Global,3,Both,235,95+ years,302,Diarrheal diseases,183,Clostridium difficile,1,Number,2018,73.81010615,73.81010615,42.14822823
1,Deaths,1,Global,3,Both,235,95+ years,302,Diarrheal diseases,183,Clostridium difficile,1,Number,2019,78.92398452,78.92398452,43.20965599
1,Deaths,1,Global,3,Both,235,95+ years,302,Diarrheal diseases,183,Clostridium difficile,1,Number,2020,75.45746455,75.45746455,41.71966502
1,Deaths,1,Global,3,Both,235,95+ years,302,Diarrheal diseases,183,Clostridium difficile,1,Number,2021,75.34792172,75.34792172,39.95627285
