"Net Drift (%/year)","CILo","CIHi","location","cause","measure","sex","rei","type","pathogen","draw_id"
-0.768438765158741,-0.95938134327519,-0.57712806466349,"Global","Diarrheal diseases","Deaths","Both","Clostridium difficile","att","Enterobacter spp.",1
-0.988412916120773,-1.16318677915488,-0.813329999180479,"Global","Diarrheal diseases","Deaths","Both","Clostridium difficile","att","Enterobacter spp.",2
-0.809311231634691,-0.998559896389695,-0.619700803888423,"Global","Diarrheal diseases","Deaths","Both","Clostridium difficile","att","Enterobacter spp.",3
-1.04499210844983,-1.2444449418116,-0.845136447796857,"Global","Diarrheal diseases","Deaths","Both","Clostridium difficile","att","Enterobacter spp.",4
-0.873237650254521,-1.0769752048816,-0.669080486630935,"Global","Diarrheal diseases","Deaths","Both","Clostridium difficile","att","Enterobacter spp.",5
-0.864649351307945,-1.05284847273009,-0.676092272039042,"Global","Diarrheal diseases","Deaths","Both","Clostridium difficile","att","Enterobacter spp.",6
-1.04804313154482,-1.21277788230049,-0.883033673822753,"Global","Diarrheal diseases","Deaths","Both","Clostridium difficile","att","Enterobacter spp.",7
-0.991132739552303,-1.18969803993908,-0.792168410139849,"Global","Diarrheal diseases","Deaths","Both","Clostridium difficile","att","Enterobacter spp.",8
-0.829626643889891,-0.9943048347962,-0.664674540391841,"Global","Diarrheal diseases","Deaths","Both","Clostridium difficile","att","Enterobacter spp.",9
-1.02633992177743,-1.21988641791289,-0.832414197021891,"Global","Diarrheal diseases","Deaths","Both","Clostridium difficile","att","Enterobacter spp.",10
-0.867016893329253,-1.0302474678323,-0.70351710303278,"Global","Diarrheal diseases","Deaths","Both","Clostridium difficile","att","Enterobacter spp.",11
-0.774713163069085,-0.94230370686621,-0.606839081582089,"Global","Diarrheal diseases","Deaths","Both","Clostridium difficile","att","Enterobacter spp.",12
-0.88555304292115,-1.05059390464628,-0.720236904293259,"Global","Diarrheal diseases","Deaths","Both","Clostridium difficile","att","Enterobacter spp.",13
-0.698977365232134,-0.894007985867928,-0.503562943958125,"Global","Diarrheal diseases","Deaths","Both","Clostridium difficile","att","Enterobacter spp.",14
-0.921000939496364,-1.11923548556495,-0.722368976038779,"Global","Diarrheal diseases","Deaths","Both","Clostridium difficile","att","Enterobacter spp.",15
-1.00039363834148,-1.18372944971942,-0.816717680350576,"Global","Diarrheal diseases","Deaths","Both","Clostridium difficile","att","Enterobacter spp.",16
-0.947187618787293,-1.12133506730355,-0.772733457656682,"Global","Diarrheal diseases","Deaths","Both","Clostridium difficile","att","Enterobacter spp.",17
-0.896004751761026,-1.06923819223703,-0.72246796959079,"Global","Diarrheal diseases","Deaths","Both","Clostridium difficile","att","Enterobacter spp.",18
-1.00771046470781,-1.16983479484857,-0.845320180357945,"Global","Diarrheal diseases","Deaths","Both","Clostridium difficile","att","Enterobacter spp.",19
-0.897545561804358,-1.08568001618191,-0.709053276801996,"Global","Diarrheal diseases","Deaths","Both","Clostridium difficile","att","Enterobacter spp.",20
-0.916494409337676,-1.08825303902053,-0.744437523605601,"Global","Diarrheal diseases","Deaths","Both","Clostridium difficile","att","Enterobacter spp.",21
-0.863941346743735,-1.07338559597321,-0.654053668879806,"Global","Diarrheal diseases","Deaths","Both","Clostridium difficile","att","Enterobacter spp.",22
-0.876463781071357,-1.05791462165485,-0.694680176048734,"Global","Diarrheal diseases","Deaths","Both","Clostridium difficile","att","Enterobacter spp.",23
-0.833036231279627,-1.04709597547313,-0.618513422615852,"Global","Diarrheal diseases","Deaths","Both","Clostridium difficile","att","Enterobacter spp.",24
-0.76371531079833,-0.936550348603171,-0.590578729382818,"Global","Diarrheal diseases","Deaths","Both","Clostridium difficile","att","Enterobacter spp.",25
-0.916110832687556,-1.08010388329676,-0.75184590835321,"Global","Diarrheal diseases","Deaths","Both","Clostridium difficile","att","Enterobacter spp.",26
-0.967292883006321,-1.19133134531492,-0.742746436597985,"Global","Diarrheal diseases","Deaths","Both","Clostridium difficile","att","Enterobacter spp.",27
-0.885076300297205,-1.07082046232441,-0.698983394917552,"Global","Diarrheal diseases","Deaths","Both","Clostridium difficile","att","Enterobacter spp.",28
-0.895874966858146,-1.07497129866767,-0.716454394596155,"Global","Diarrheal diseases","Deaths","Both","Clostridium difficile","att","Enterobacter spp.",29
-0.768438336193922,-0.953728285711397,-0.582801757118379,"Global","Diarrheal diseases","Deaths","Both","Clostridium difficile","att","Enterobacter spp.",30
-0.861553832003858,-1.04865398579931,-0.674099903662029,"Global","Diarrheal diseases","Deaths","Both","Clostridium difficile","att","Enterobacter spp.",31
-0.933204434143498,-1.12922715278636,-0.736793077836351,"Global","Diarrheal diseases","Deaths","Both","Clostridium difficile","att","Enterobacter spp.",32
-0.770287170958195,-0.956387396464886,-0.583837268243415,"Global","Diarrheal diseases","Deaths","Both","Clostridium difficile","att","Enterobacter spp.",33
-0.95460166597926,-1.16260444192932,-0.746161149287872,"Global","Diarrheal diseases","Deaths","Both","Clostridium difficile","att","Enterobacter spp.",34
-0.838497810494288,-1.00625091141293,-0.670460438062281,"Global","Diarrheal diseases","Deaths","Both","Clostridium difficile","att","Enterobacter spp.",35
-0.816880294249889,-1.01203004063777,-0.621345820065988,"Global","Diarrheal diseases","Deaths","Both","Clostridium difficile","att","Enterobacter spp.",36
-0.914717869729353,-1.07830623075006,-0.750858980062785,"Global","Diarrheal diseases","Deaths","Both","Clostridium difficile","att","Enterobacter spp.",37
-0.840760405499319,-1.01978740917996,-0.661409592976403,"Global","Diarrheal diseases","Deaths","Both","Clostridium difficile","att","Enterobacter spp.",38
-0.882648375953976,-1.04573688411829,-0.719291078344342,"Global","Diarrheal diseases","Deaths","Both","Clostridium difficile","att","Enterobacter spp.",39
-1.03546389703018,-1.21344931857683,-0.857157796098873,"Global","Diarrheal diseases","Deaths","Both","Clostridium difficile","att","Enterobacter spp.",40
-0.976397379175264,-1.15143189491377,-0.801052923876822,"Global","Diarrheal diseases","Deaths","Both","Clostridium difficile","att","Enterobacter spp.",41
-0.762090301697238,-0.926784430869598,-0.597122393622807,"Global","Diarrheal diseases","Deaths","Both","Clostridium difficile","att","Enterobacter spp.",42
-0.898609748869905,-1.07115861345103,-0.72575992947872,"Global","Diarrheal diseases","Deaths","Both","Clostridium difficile","att","Enterobacter spp.",43
-0.942002883525506,-1.11100755908785,-0.7727093731833,"Global","Diarrheal diseases","Deaths","Both","Clostridium difficile","att","Enterobacter spp.",44
-0.946417249116227,-1.17554256553219,-0.716760703771868,"Global","Diarrheal diseases","Deaths","Both","Clostridium difficile","att","Enterobacter spp.",45
-0.865184126858665,-1.03265978917592,-0.69742505693029,"Global","Diarrheal diseases","Deaths","Both","Clostridium difficile","att","Enterobacter spp.",46
-0.908774958105008,-1.07311198943808,-0.744164930618818,"Global","Diarrheal diseases","Deaths","Both","Clostridium difficile","att","Enterobacter spp.",47
-0.908306215227705,-1.11919365661247,-0.696969004928438,"Global","Diarrheal diseases","Deaths","Both","Clostridium difficile","att","Enterobacter spp.",48
-0.906438924967279,-1.10566489405419,-0.706811608455182,"Global","Diarrheal diseases","Deaths","Both","Clostridium difficile","att","Enterobacter spp.",49
-0.89510288500827,-1.06659923696357,-0.723309252271087,"Global","Diarrheal diseases","Deaths","Both","Clostridium difficile","att","Enterobacter spp.",50
-0.955529279584133,-1.15128823239757,-0.759382647792151,"Global","Diarrheal diseases","Deaths","Both","Clostridium difficile","att","Enterobacter spp.",51
-0.942527391799486,-1.14056975518697,-0.744088295620815,"Global","Diarrheal diseases","Deaths","Both","Clostridium difficile","att","Enterobacter spp.",52
-0.848996294391735,-1.0124200997536,-0.685302684068634,"Global","Diarrheal diseases","Deaths","Both","Clostridium difficile","att","Enterobacter spp.",53
-0.958456034896082,-1.17695317433937,-0.739475799641864,"Global","Diarrheal diseases","Deaths","Both","Clostridium difficile","att","Enterobacter spp.",54
-0.861060119187707,-1.04390263394945,-0.677879763847211,"Global","Diarrheal diseases","Deaths","Both","Clostridium difficile","att","Enterobacter spp.",55
-0.887689454655627,-1.06729822453407,-0.707754611500711,"Global","Diarrheal diseases","Deaths","Both","Clostridium difficile","att","Enterobacter spp.",56
-0.89365721332394,-1.08191012568493,-0.705046033238044,"Global","Diarrheal diseases","Deaths","Both","Clostridium difficile","att","Enterobacter spp.",57
-0.945121902561619,-1.12896225517389,-0.760939718043674,"Global","Diarrheal diseases","Deaths","Both","Clostridium difficile","att","Enterobacter spp.",58
-0.84391158478786,-1.03123557061622,-0.656233039863319,"Global","Diarrheal diseases","Deaths","Both","Clostridium difficile","att","Enterobacter spp.",59
-0.794335080711661,-0.990703357073941,-0.597577340922528,"Global","Diarrheal diseases","Deaths","Both","Clostridium difficile","att","Enterobacter spp.",60
-1.0130943527706,-1.21231815764964,-0.813468775892379,"Global","Diarrheal diseases","Deaths","Both","Clostridium difficile","att","Enterobacter spp.",61
-0.953381978655454,-1.14412725462891,-0.76226865413519,"Global","Diarrheal diseases","Deaths","Both","Clostridium difficile","att","Enterobacter spp.",62
-0.963501486984186,-1.15106747903155,-0.77557958819634,"Global","Diarrheal diseases","Deaths","Both","Clostridium difficile","att","Enterobacter spp.",63
-0.902609896947615,-1.07973944827365,-0.725163172195453,"Global","Diarrheal diseases","Deaths","Both","Clostridium difficile","att","Enterobacter spp.",64
-0.952016449314619,-1.12131646485065,-0.782426558405691,"Global","Diarrheal diseases","Deaths","Both","Clostridium difficile","att","Enterobacter spp.",65
-0.808271060577836,-1.00208550309296,-0.614077175340932,"Global","Diarrheal diseases","Deaths","Both","Clostridium difficile","att","Enterobacter spp.",66
-0.880526343690424,-1.04934146171534,-0.711423218041363,"Global","Diarrheal diseases","Deaths","Both","Clostridium difficile","att","Enterobacter spp.",67
-0.809961304818563,-0.998098508284884,-0.621466576832053,"Global","Diarrheal diseases","Deaths","Both","Clostridium difficile","att","Enterobacter spp.",68
-1.08035768325775,-1.25059600301901,-0.909825882378201,"Global","Diarrheal diseases","Deaths","Both","Clostridium difficile","att","Enterobacter spp.",69
-0.900818710597173,-1.11382810670932,-0.68735047375974,"Global","Diarrheal diseases","Deaths","Both","Clostridium difficile","att","Enterobacter spp.",70
-0.851854496535343,-1.01969538697507,-0.6837289983182,"Global","Diarrheal diseases","Deaths","Both","Clostridium difficile","att","Enterobacter spp.",71
-0.846541553398117,-1.04274885944025,-0.649945217684089,"Global","Diarrheal diseases","Deaths","Both","Clostridium difficile","att","Enterobacter spp.",72
-0.843683853511135,-1.0651255599013,-0.621746503601872,"Global","Diarrheal diseases","Deaths","Both","Clostridium difficile","att","Enterobacter spp.",73
-1.01108032268499,-1.18657366775807,-0.83527530018801,"Global","Diarrheal diseases","Deaths","Both","Clostridium difficile","att","Enterobacter spp.",74
-0.803351598775792,-1.01166136728766,-0.594603465904475,"Global","Diarrheal diseases","Deaths","Both","Clostridium difficile","att","Enterobacter spp.",75
-0.797027563162978,-0.984583530618699,-0.609116325364689,"Global","Diarrheal diseases","Deaths","Both","Clostridium difficile","att","Enterobacter spp.",76
-0.842611936922522,-1.02814095110728,-0.656735136857667,"Global","Diarrheal diseases","Deaths","Both","Clostridium difficile","att","Enterobacter spp.",77
-0.924362257023092,-1.1148146412672,-0.733543062416708,"Global","Diarrheal diseases","Deaths","Both","Clostridium difficile","att","Enterobacter spp.",78
-0.902267990509309,-1.10091676783989,-0.703220207086419,"Global","Diarrheal diseases","Deaths","Both","Clostridium difficile","att","Enterobacter spp.",79
-0.762047794986254,-0.935338734859648,-0.588453722295779,"Global","Diarrheal diseases","Deaths","Both","Clostridium difficile","att","Enterobacter spp.",80
-0.922232958279801,-1.10163182221807,-0.742508669837805,"Global","Diarrheal diseases","Deaths","Both","Clostridium difficile","att","Enterobacter spp.",81
-0.867106242266258,-1.03236504796537,-0.70157148299026,"Global","Diarrheal diseases","Deaths","Both","Clostridium difficile","att","Enterobacter spp.",82
-0.939230279415337,-1.13636225618029,-0.741705225709755,"Global","Diarrheal diseases","Deaths","Both","Clostridium difficile","att","Enterobacter spp.",83
-0.978692766842548,-1.15852375301164,-0.798534598352685,"Global","Diarrheal diseases","Deaths","Both","Clostridium difficile","att","Enterobacter spp.",84
-0.833169829380898,-1.05112200262738,-0.614737578433844,"Global","Diarrheal diseases","Deaths","Both","Clostridium difficile","att","Enterobacter spp.",85
-0.881054252546853,-1.08098294627518,-0.680721475925605,"Global","Diarrheal diseases","Deaths","Both","Clostridium difficile","att","Enterobacter spp.",86
-0.945552455069054,-1.12236004350456,-0.768428708973001,"Global","Diarrheal diseases","Deaths","Both","Clostridium difficile","att","Enterobacter spp.",87
-0.810782907049612,-0.999454266563871,-0.621751985053787,"Global","Diarrheal diseases","Deaths","Both","Clostridium difficile","att","Enterobacter spp.",88
-0.893723248325062,-1.07020152765341,-0.716930154011186,"Global","Diarrheal diseases","Deaths","Both","Clostridium difficile","att","Enterobacter spp.",89
-0.888236798532638,-1.08446289700788,-0.691621431770029,"Global","Diarrheal diseases","Deaths","Both","Clostridium difficile","att","Enterobacter spp.",90
-0.957713018983697,-1.13441805654132,-0.780692151895868,"Global","Diarrheal diseases","Deaths","Both","Clostridium difficile","att","Enterobacter spp.",91
-1.0218246624787,-1.18627361216461,-0.857102031614665,"Global","Diarrheal diseases","Deaths","Both","Clostridium difficile","att","Enterobacter spp.",92
-0.904196788594891,-1.10071349920642,-0.707289591672333,"Global","Diarrheal diseases","Deaths","Both","Clostridium difficile","att","Enterobacter spp.",93
-0.93375797021813,-1.13228918512973,-0.734828094884743,"Global","Diarrheal diseases","Deaths","Both","Clostridium difficile","att","Enterobacter spp.",94
-0.948616163808202,-1.14557201235541,-0.751267903842834,"Global","Diarrheal diseases","Deaths","Both","Clostridium difficile","att","Enterobacter spp.",95
-0.896635999494166,-1.07758977255554,-0.715351216827287,"Global","Diarrheal diseases","Deaths","Both","Clostridium difficile","att","Enterobacter spp.",96
-0.877967107950439,-1.0999324040177,-0.655503646473843,"Global","Diarrheal diseases","Deaths","Both","Clostridium difficile","att","Enterobacter spp.",97
-0.852905037772478,-1.04088142802393,-0.664571579634798,"Global","Diarrheal diseases","Deaths","Both","Clostridium difficile","att","Enterobacter spp.",98
-1.0021457040911,-1.19990512357715,-0.803990447049974,"Global","Diarrheal diseases","Deaths","Both","Clostridium difficile","att","Enterobacter spp.",99
-0.80881912660723,-0.98546863702752,-0.631854459925507,"Global","Diarrheal diseases","Deaths","Both","Clostridium difficile","att","Enterobacter spp.",100
-0.794012540165923,-0.968659891750656,-0.619057188130212,"Global","Diarrheal diseases","Deaths","Both","Clostridium difficile","att","Enterobacter spp.",101
-0.955410967080927,-1.14168252045393,-0.768788435737833,"Global","Diarrheal diseases","Deaths","Both","Clostridium difficile","att","Enterobacter spp.",102
-0.834380875616603,-1.00178698444282,-0.666691682839493,"Global","Diarrheal diseases","Deaths","Both","Clostridium difficile","att","Enterobacter spp.",103
-0.899479772975309,-1.1089744490187,-0.689541295090002,"Global","Diarrheal diseases","Deaths","Both","Clostridium difficile","att","Enterobacter spp.",104
-0.763839394983978,-0.947530424368404,-0.579807713878089,"Global","Diarrheal diseases","Deaths","Both","Clostridium difficile","att","Enterobacter spp.",105
-0.945540315986126,-1.15631928139502,-0.734311875487514,"Global","Diarrheal diseases","Deaths","Both","Clostridium difficile","att","Enterobacter spp.",106
-0.911572587290532,-1.09671493307621,-0.726083663651755,"Global","Diarrheal diseases","Deaths","Both","Clostridium difficile","att","Enterobacter spp.",107
-0.897085534722541,-1.09327500433208,-0.700506907469889,"Global","Diarrheal diseases","Deaths","Both","Clostridium difficile","att","Enterobacter spp.",108
-0.869047586614258,-1.03856154114593,-0.699243266651062,"Global","Diarrheal diseases","Deaths","Both","Clostridium difficile","att","Enterobacter spp.",109
-0.865669149982728,-1.08593026542271,-0.644917558727687,"Global","Diarrheal diseases","Deaths","Both","Clostridium difficile","att","Enterobacter spp.",110
-0.837609967398234,-1.01800994058443,-0.656881205608129,"Global","Diarrheal diseases","Deaths","Both","Clostridium difficile","att","Enterobacter spp.",111
-0.831298110625034,-1.02018366167542,-0.642052104759561,"Global","Diarrheal diseases","Deaths","Both","Clostridium difficile","att","Enterobacter spp.",112
-1.01735614142541,-1.19627931487402,-0.838108956879091,"Global","Diarrheal diseases","Deaths","Both","Clostridium difficile","att","Enterobacter spp.",113
-0.939581726667649,-1.11213468314098,-0.766727676397905,"Global","Diarrheal diseases","Deaths","Both","Clostridium difficile","att","Enterobacter spp.",114
-0.849690505880352,-1.0144302666469,-0.684676571930254,"Global","Diarrheal diseases","Deaths","Both","Clostridium difficile","att","Enterobacter spp.",115
-0.879508424095554,-1.07792264023897,-0.6806962361119,"Global","Diarrheal diseases","Deaths","Both","Clostridium difficile","att","Enterobacter spp.",116
-0.935703348917494,-1.14054653887575,-0.730435710603472,"Global","Diarrheal diseases","Deaths","Both","Clostridium difficile","att","Enterobacter spp.",117
-0.866182046801645,-1.04309660003008,-0.688951206805244,"Global","Diarrheal diseases","Deaths","Both","Clostridium difficile","att","Enterobacter spp.",118
-0.834341505102942,-1.00038141873426,-0.668023113096516,"Global","Diarrheal diseases","Deaths","Both","Clostridium difficile","att","Enterobacter spp.",119
-0.972304843385574,-1.16480747528505,-0.779427271524513,"Global","Diarrheal diseases","Deaths","Both","Clostridium difficile","att","Enterobacter spp.",120
-0.930325574576718,-1.09501385071374,-0.765363073354053,"Global","Diarrheal diseases","Deaths","Both","Clostridium difficile","att","Enterobacter spp.",121
-0.90835278973691,-1.08574282784756,-0.730644625336674,"Global","Diarrheal diseases","Deaths","Both","Clostridium difficile","att","Enterobacter spp.",122
-0.993989115063154,-1.16811909078506,-0.819552343111474,"Global","Diarrheal diseases","Deaths","Both","Clostridium difficile","att","Enterobacter spp.",123
-0.89528470313337,-1.08396978298269,-0.706239701244316,"Global","Diarrheal diseases","Deaths","Both","Clostridium difficile","att","Enterobacter spp.",124
-0.798138119174097,-0.983447090271405,-0.612482343287479,"Global","Diarrheal diseases","Deaths","Both","Clostridium difficile","att","Enterobacter spp.",125
-0.904903011476144,-1.122561773637,-0.686765117396071,"Global","Diarrheal diseases","Deaths","Both","Clostridium difficile","att","Enterobacter spp.",126
-0.847072282508998,-1.04462912784453,-0.649121030009958,"Global","Diarrheal diseases","Deaths","Both","Clostridium difficile","att","Enterobacter spp.",127
-0.886332474323437,-1.07896834457786,-0.69332147071377,"Global","Diarrheal diseases","Deaths","Both","Clostridium difficile","att","Enterobacter spp.",128
-0.928706663722179,-1.09183384527241,-0.76531043990381,"Global","Diarrheal diseases","Deaths","Both","Clostridium difficile","att","Enterobacter spp.",129
-0.914791719800001,-1.08569234758892,-0.743595815975995,"Global","Diarrheal diseases","Deaths","Both","Clostridium difficile","att","Enterobacter spp.",130
-0.867326289074566,-1.05224295316799,-0.682064046933895,"Global","Diarrheal diseases","Deaths","Both","Clostridium difficile","att","Enterobacter spp.",131
-0.887496765486617,-1.07396372860104,-0.70067832838574,"Global","Diarrheal diseases","Deaths","Both","Clostridium difficile","att","Enterobacter spp.",132
-0.849653332516487,-1.01690206443488,-0.682122005499419,"Global","Diarrheal diseases","Deaths","Both","Clostridium difficile","att","Enterobacter spp.",133
-0.870589000782251,-1.10217116413982,-0.638464557588836,"Global","Diarrheal diseases","Deaths","Both","Clostridium difficile","att","Enterobacter spp.",134
-0.952312501652841,-1.13726950457167,-0.767009472554514,"Global","Diarrheal diseases","Deaths","Both","Clostridium difficile","att","Enterobacter spp.",135
-0.933670365164574,-1.14828661991717,-0.718588158581412,"Global","Diarrheal diseases","Deaths","Both","Clostridium difficile","att","Enterobacter spp.",136
-0.902486555708382,-1.10285810686908,-0.701709039746834,"Global","Diarrheal diseases","Deaths","Both","Clostridium difficile","att","Enterobacter spp.",137
-0.819131485203406,-0.992441733010896,-0.645517862153444,"Global","Diarrheal diseases","Deaths","Both","Clostridium difficile","att","Enterobacter spp.",138
-0.966723153884241,-1.1511931055706,-0.781908947531151,"Global","Diarrheal diseases","Deaths","Both","Clostridium difficile","att","Enterobacter spp.",139
-0.87851877749231,-1.06212829127437,-0.694568520039807,"Global","Diarrheal diseases","Deaths","Both","Clostridium difficile","att","Enterobacter spp.",140
-1.00655111048364,-1.21065637047749,-0.802024155642689,"Global","Diarrheal diseases","Deaths","Both","Clostridium difficile","att","Enterobacter spp.",141
-1.05357093452578,-1.23445498616213,-0.872355602986796,"Global","Diarrheal diseases","Deaths","Both","Clostridium difficile","att","Enterobacter spp.",142
-0.951776615287647,-1.14615229479474,-0.757018736142789,"Global","Diarrheal diseases","Deaths","Both","Clostridium difficile","att","Enterobacter spp.",143
-0.877464893271773,-1.04163793257773,-0.7130194890411,"Global","Diarrheal diseases","Deaths","Both","Clostridium difficile","att","Enterobacter spp.",144
-0.846787294310336,-1.04118484499252,-0.652007863472726,"Global","Diarrheal diseases","Deaths","Both","Clostridium difficile","att","Enterobacter spp.",145
-0.865434669060983,-1.05583118375595,-0.67467177771906,"Global","Diarrheal diseases","Deaths","Both","Clostridium difficile","att","Enterobacter spp.",146
-0.932664062375643,-1.09779045245222,-0.767261978511991,"Global","Diarrheal diseases","Deaths","Both","Clostridium difficile","att","Enterobacter spp.",147
-0.772464753608204,-0.937923122944462,-0.606730027538405,"Global","Diarrheal diseases","Deaths","Both","Clostridium difficile","att","Enterobacter spp.",148
-0.89679676142983,-1.08907597336916,-0.704143765748133,"Global","Diarrheal diseases","Deaths","Both","Clostridium difficile","att","Enterobacter spp.",149
-0.953398340113731,-1.17835900051253,-0.727925572263421,"Global","Diarrheal diseases","Deaths","Both","Clostridium difficile","att","Enterobacter spp.",150
-0.889208838150912,-1.07285015828875,-0.705226619336452,"Global","Diarrheal diseases","Deaths","Both","Clostridium difficile","att","Enterobacter spp.",151
-0.896588336809223,-1.08989777432551,-0.70290109623955,"Global","Diarrheal diseases","Deaths","Both","Clostridium difficile","att","Enterobacter spp.",152
-0.956707292276959,-1.15635329059164,-0.756658045741776,"Global","Diarrheal diseases","Deaths","Both","Clostridium difficile","att","Enterobacter spp.",153
-0.870437541795466,-1.04237762587094,-0.698198709712483,"Global","Diarrheal diseases","Deaths","Both","Clostridium difficile","att","Enterobacter spp.",154
-0.858782775919464,-1.06732127591519,-0.64980470118926,"Global","Diarrheal diseases","Deaths","Both","Clostridium difficile","att","Enterobacter spp.",155
-0.758599321460984,-0.964903223277269,-0.551865659879813,"Global","Diarrheal diseases","Deaths","Both","Clostridium difficile","att","Enterobacter spp.",156
-0.918482135653853,-1.10718260065867,-0.729421605414471,"Global","Diarrheal diseases","Deaths","Both","Clostridium difficile","att","Enterobacter spp.",157
-0.741361370896998,-0.969272585872827,-0.512925636680839,"Global","Diarrheal diseases","Deaths","Both","Clostridium difficile","att","Enterobacter spp.",158
-0.844124613943176,-1.00784036646498,-0.68013810414399,"Global","Diarrheal diseases","Deaths","Both","Clostridium difficile","att","Enterobacter spp.",159
-0.809966544122576,-1.01024567560014,-0.609282201714034,"Global","Diarrheal diseases","Deaths","Both","Clostridium difficile","att","Enterobacter spp.",160
-0.890638072596073,-1.06364281092153,-0.717330810099182,"Global","Diarrheal diseases","Deaths","Both","Clostridium difficile","att","Enterobacter spp.",161
-0.942030284026285,-1.1320652029252,-0.751630097353995,"Global","Diarrheal diseases","Deaths","Both","Clostridium difficile","att","Enterobacter spp.",162
-0.87923001453426,-1.08878419577116,-0.669231869945797,"Global","Diarrheal diseases","Deaths","Both","Clostridium difficile","att","Enterobacter spp.",163
-0.884442648406292,-1.0877499066514,-0.680717506216422,"Global","Diarrheal diseases","Deaths","Both","Clostridium difficile","att","Enterobacter spp.",164
-0.88320447163015,-1.07539657514644,-0.690638974606339,"Global","Diarrheal diseases","Deaths","Both","Clostridium difficile","att","Enterobacter spp.",165
-0.928846909190773,-1.12471628894451,-0.732589517261661,"Global","Diarrheal diseases","Deaths","Both","Clostridium difficile","att","Enterobacter spp.",166
-1.01339827392319,-1.19701193077352,-0.829443392828133,"Global","Diarrheal diseases","Deaths","Both","Clostridium difficile","att","Enterobacter spp.",167
-0.813485498869559,-0.978405029228169,-0.648291296592141,"Global","Diarrheal diseases","Deaths","Both","Clostridium difficile","att","Enterobacter spp.",168
-0.962060044418778,-1.15040505093483,-0.77335617106572,"Global","Diarrheal diseases","Deaths","Both","Clostridium difficile","att","Enterobacter spp.",169
-0.791937171262036,-0.980354070126976,-0.603161748313874,"Global","Diarrheal diseases","Deaths","Both","Clostridium difficile","att","Enterobacter spp.",170
-0.894817787027824,-1.05733425879486,-0.732034376792967,"Global","Diarrheal diseases","Deaths","Both","Clostridium difficile","att","Enterobacter spp.",171
-0.9908845114868,-1.17965666190617,-0.801751757940894,"Global","Diarrheal diseases","Deaths","Both","Clostridium difficile","att","Enterobacter spp.",172
-0.933308046334558,-1.12461356505612,-0.741632386945901,"Global","Diarrheal diseases","Deaths","Both","Clostridium difficile","att","Enterobacter spp.",173
-0.792951541391018,-0.986466192431956,-0.599058680233466,"Global","Diarrheal diseases","Deaths","Both","Clostridium difficile","att","Enterobacter spp.",174
-1.04810703207827,-1.22945706505372,-0.866424027009283,"Global","Diarrheal diseases","Deaths","Both","Clostridium difficile","att","Enterobacter spp.",175
-0.922281364277588,-1.12004809208822,-0.724119089362874,"Global","Diarrheal diseases","Deaths","Both","Clostridium difficile","att","Enterobacter spp.",176
-0.874161831117704,-1.04667929722637,-0.701343594141512,"Global","Diarrheal diseases","Deaths","Both","Clostridium difficile","att","Enterobacter spp.",177
-0.887632520543347,-1.05079004292729,-0.724205967440283,"Global","Diarrheal diseases","Deaths","Both","Clostridium difficile","att","Enterobacter spp.",178
-0.96688524429771,-1.16577592746308,-0.767594320181175,"Global","Diarrheal diseases","Deaths","Both","Clostridium difficile","att","Enterobacter spp.",179
-0.916252788333938,-1.08535506366326,-0.746861419518607,"Global","Diarrheal diseases","Deaths","Both","Clostridium difficile","att","Enterobacter spp.",180
-1.06055961606497,-1.23285481160581,-0.887963858689023,"Global","Diarrheal diseases","Deaths","Both","Clostridium difficile","att","Enterobacter spp.",181
-0.915090936214347,-1.09694093736156,-0.732906573084502,"Global","Diarrheal diseases","Deaths","Both","Clostridium difficile","att","Enterobacter spp.",182
-0.880135290892159,-1.0761220560046,-0.68376023922142,"Global","Diarrheal diseases","Deaths","Both","Clostridium difficile","att","Enterobacter spp.",183
-0.729055114477306,-0.905023352772827,-0.552774399990397,"Global","Diarrheal diseases","Deaths","Both","Clostridium difficile","att","Enterobacter spp.",184
-0.986870526352357,-1.17294374247768,-0.800446968498059,"Global","Diarrheal diseases","Deaths","Both","Clostridium difficile","att","Enterobacter spp.",185
-1.00355372328301,-1.18518091178818,-0.821592693802298,"Global","Diarrheal diseases","Deaths","Both","Clostridium difficile","att","Enterobacter spp.",186
-0.81875980090319,-1.00875974817713,-0.628395175099394,"Global","Diarrheal diseases","Deaths","Both","Clostridium difficile","att","Enterobacter spp.",187
-0.93555076263101,-1.10092095165845,-0.769904056373261,"Global","Diarrheal diseases","Deaths","Both","Clostridium difficile","att","Enterobacter spp.",188
-1.04076070039159,-1.20962009474691,-0.871612679804745,"Global","Diarrheal diseases","Deaths","Both","Clostridium difficile","att","Enterobacter spp.",189
-0.996667985902278,-1.19811156402927,-0.794813691787855,"Global","Diarrheal diseases","Deaths","Both","Clostridium difficile","att","Enterobacter spp.",190
-0.901634282663033,-1.07410372533272,-0.728864153218955,"Global","Diarrheal diseases","Deaths","Both","Clostridium difficile","att","Enterobacter spp.",191
-0.896306401639946,-1.10953178837158,-0.682621263161065,"Global","Diarrheal diseases","Deaths","Both","Clostridium difficile","att","Enterobacter spp.",192
-0.864006271411399,-1.03377485553267,-0.693946462964745,"Global","Diarrheal diseases","Deaths","Both","Clostridium difficile","att","Enterobacter spp.",193
-0.825281790006194,-0.987893715452692,-0.66240279986135,"Global","Diarrheal diseases","Deaths","Both","Clostridium difficile","att","Enterobacter spp.",194
-0.912556681181065,-1.11283000347181,-0.711877751129253,"Global","Diarrheal diseases","Deaths","Both","Clostridium difficile","att","Enterobacter spp.",195
-0.780561101000243,-0.956946370407963,-0.603861707965225,"Global","Diarrheal diseases","Deaths","Both","Clostridium difficile","att","Enterobacter spp.",196
-0.924095356366861,-1.12568671741017,-0.722092977785249,"Global","Diarrheal diseases","Deaths","Both","Clostridium difficile","att","Enterobacter spp.",197
-1.02516162272703,-1.18798459620738,-0.86207034867023,"Global","Diarrheal diseases","Deaths","Both","Clostridium difficile","att","Enterobacter spp.",198
-0.904140508823648,-1.06707242176547,-0.740940264509204,"Global","Diarrheal diseases","Deaths","Both","Clostridium difficile","att","Enterobacter spp.",199
-0.883432163638498,-1.05142580144748,-0.715153308355954,"Global","Diarrheal diseases","Deaths","Both","Clostridium difficile","att","Enterobacter spp.",200
-0.886211618840538,-1.0540864207679,-0.718051995154467,"Global","Diarrheal diseases","Deaths","Both","Clostridium difficile","att","Enterobacter spp.",201
-0.940233005050539,-1.11148464739527,-0.76868479515293,"Global","Diarrheal diseases","Deaths","Both","Clostridium difficile","att","Enterobacter spp.",202
-0.77639339306762,-0.991337918280188,-0.560982230411944,"Global","Diarrheal diseases","Deaths","Both","Clostridium difficile","att","Enterobacter spp.",203
-0.981667246007467,-1.16443558352936,-0.798560930295267,"Global","Diarrheal diseases","Deaths","Both","Clostridium difficile","att","Enterobacter spp.",204
-0.959580223057388,-1.15596155489598,-0.762808724769704,"Global","Diarrheal diseases","Deaths","Both","Clostridium difficile","att","Enterobacter spp.",205
-1.00747740690287,-1.22750281547951,-0.786961870185299,"Global","Diarrheal diseases","Deaths","Both","Clostridium difficile","att","Enterobacter spp.",206
-0.782432468592786,-0.947551948325298,-0.617037736273141,"Global","Diarrheal diseases","Deaths","Both","Clostridium difficile","att","Enterobacter spp.",207
-0.800391821207325,-0.96467543020119,-0.635835692238385,"Global","Diarrheal diseases","Deaths","Both","Clostridium difficile","att","Enterobacter spp.",208
-0.940367023322231,-1.15560347360596,-0.724661889621336,"Global","Diarrheal diseases","Deaths","Both","Clostridium difficile","att","Enterobacter spp.",209
-0.925470433257436,-1.11531525317443,-0.735261137731891,"Global","Diarrheal diseases","Deaths","Both","Clostridium difficile","att","Enterobacter spp.",210
-0.830446399195461,-1.01041152902412,-0.650154089019306,"Global","Diarrheal diseases","Deaths","Both","Clostridium difficile","att","Enterobacter spp.",211
-0.926470811288038,-1.10505291479351,-0.747566228539365,"Global","Diarrheal diseases","Deaths","Both","Clostridium difficile","att","Enterobacter spp.",212
-0.938032890908269,-1.12904731020477,-0.746649439986347,"Global","Diarrheal diseases","Deaths","Both","Clostridium difficile","att","Enterobacter spp.",213
-0.898293049361143,-1.06322279162049,-0.733088365662948,"Global","Diarrheal diseases","Deaths","Both","Clostridium difficile","att","Enterobacter spp.",214
-0.933467940483956,-1.12102725067798,-0.745552857026299,"Global","Diarrheal diseases","Deaths","Both","Clostridium difficile","att","Enterobacter spp.",215
-0.977399407523194,-1.16954802015995,-0.784877214794488,"Global","Diarrheal diseases","Deaths","Both","Clostridium difficile","att","Enterobacter spp.",216
-0.804562448908264,-0.966659037507178,-0.642200542550897,"Global","Diarrheal diseases","Deaths","Both","Clostridium difficile","att","Enterobacter spp.",217
-1.02701808498182,-1.19787653215179,-0.855864172411458,"Global","Diarrheal diseases","Deaths","Both","Clostridium difficile","att","Enterobacter spp.",218
-0.946498403216811,-1.14826319190936,-0.744321795457936,"Global","Diarrheal diseases","Deaths","Both","Clostridium difficile","att","Enterobacter spp.",219
-0.888865870110833,-1.0700878146397,-0.707311959319645,"Global","Diarrheal diseases","Deaths","Both","Clostridium difficile","att","Enterobacter spp.",220
-0.839880941884352,-1.01844050420918,-0.660999263829487,"Global","Diarrheal diseases","Deaths","Both","Clostridium difficile","att","Enterobacter spp.",221
-0.866549589507393,-1.02920293156697,-0.703628935165135,"Global","Diarrheal diseases","Deaths","Both","Clostridium difficile","att","Enterobacter spp.",222
-0.877094720421145,-1.08594058162507,-0.667807904776596,"Global","Diarrheal diseases","Deaths","Both","Clostridium difficile","att","Enterobacter spp.",223
-0.805902675892989,-1.0251822947388,-0.586137241035023,"Global","Diarrheal diseases","Deaths","Both","Clostridium difficile","att","Enterobacter spp.",224
-0.935362393204386,-1.1402808538164,-0.730019173389518,"Global","Diarrheal diseases","Deaths","Both","Clostridium difficile","att","Enterobacter spp.",225
-0.813413594108825,-0.977762214301159,-0.648792202167814,"Global","Diarrheal diseases","Deaths","Both","Clostridium difficile","att","Enterobacter spp.",226
-0.922713899973349,-1.0888847260373,-0.756263906665577,"Global","Diarrheal diseases","Deaths","Both","Clostridium difficile","att","Enterobacter spp.",227
-0.969541991246592,-1.14225991735354,-0.796522303416458,"Global","Diarrheal diseases","Deaths","Both","Clostridium difficile","att","Enterobacter spp.",228
-0.884105609360242,-1.09956149592667,-0.668180349353642,"Global","Diarrheal diseases","Deaths","Both","Clostridium difficile","att","Enterobacter spp.",229
-0.900580705354537,-1.09052697473639,-0.710269662163365,"Global","Diarrheal diseases","Deaths","Both","Clostridium difficile","att","Enterobacter spp.",230
-0.914321232062065,-1.11226883124432,-0.715977393108114,"Global","Diarrheal diseases","Deaths","Both","Clostridium difficile","att","Enterobacter spp.",231
-0.715820237096543,-0.881064950902255,-0.550300037931473,"Global","Diarrheal diseases","Deaths","Both","Clostridium difficile","att","Enterobacter spp.",232
-0.923853834661825,-1.11175135880415,-0.735599286504396,"Global","Diarrheal diseases","Deaths","Both","Clostridium difficile","att","Enterobacter spp.",233
-0.79318650330763,-0.974117462645596,-0.611924963608168,"Global","Diarrheal diseases","Deaths","Both","Clostridium difficile","att","Enterobacter spp.",234
-0.75845890474403,-0.922538912483561,-0.594107167706592,"Global","Diarrheal diseases","Deaths","Both","Clostridium difficile","att","Enterobacter spp.",235
-0.946763279454321,-1.12139755062628,-0.771820578269067,"Global","Diarrheal diseases","Deaths","Both","Clostridium difficile","att","Enterobacter spp.",236
-0.949218960252973,-1.11369190364496,-0.784472456753138,"Global","Diarrheal diseases","Deaths","Both","Clostridium difficile","att","Enterobacter spp.",237
-0.901771022506714,-1.06583198100962,-0.737438004323687,"Global","Diarrheal diseases","Deaths","Both","Clostridium difficile","att","Enterobacter spp.",238
-0.935807015553336,-1.10183836329794,-0.76949693251197,"Global","Diarrheal diseases","Deaths","Both","Clostridium difficile","att","Enterobacter spp.",239
-0.883175695815364,-1.04627840804002,-0.719804145852143,"Global","Diarrheal diseases","Deaths","Both","Clostridium difficile","att","Enterobacter spp.",240
-0.804837300995997,-1.00333533204501,-0.605941261908394,"Global","Diarrheal diseases","Deaths","Both","Clostridium difficile","att","Enterobacter spp.",241
-0.910060707238169,-1.10631923702779,-0.713412694417703,"Global","Diarrheal diseases","Deaths","Both","Clostridium difficile","att","Enterobacter spp.",242
-0.939708992282118,-1.12403926781434,-0.755035077606203,"Global","Diarrheal diseases","Deaths","Both","Clostridium difficile","att","Enterobacter spp.",243
-0.82000264483395,-0.994656028385665,-0.64504115867724,"Global","Diarrheal diseases","Deaths","Both","Clostridium difficile","att","Enterobacter spp.",244
-0.998153420788217,-1.1615203754644,-0.834516442109412,"Global","Diarrheal diseases","Deaths","Both","Clostridium difficile","att","Enterobacter spp.",245
-0.890441851572199,-1.07157331353548,-0.708978749779876,"Global","Diarrheal diseases","Deaths","Both","Clostridium difficile","att","Enterobacter spp.",246
-0.887888111614332,-1.09144230419332,-0.683915003723257,"Global","Diarrheal diseases","Deaths","Both","Clostridium difficile","att","Enterobacter spp.",247
-0.972694028646226,-1.15880792623648,-0.786229686244955,"Global","Diarrheal diseases","Deaths","Both","Clostridium difficile","att","Enterobacter spp.",248
-0.870933257383721,-1.06798690281065,-0.673487118789429,"Global","Diarrheal diseases","Deaths","Both","Clostridium difficile","att","Enterobacter spp.",249
-0.906931172068437,-1.11837191670203,-0.695038299073314,"Global","Diarrheal diseases","Deaths","Both","Clostridium difficile","att","Enterobacter spp.",250
-0.864538561614325,-1.02690005114524,-0.701910724426347,"Global","Diarrheal diseases","Deaths","Both","Clostridium difficile","att","Enterobacter spp.",251
-0.79513375364314,-0.995832387484086,-0.594028268832225,"Global","Diarrheal diseases","Deaths","Both","Clostridium difficile","att","Enterobacter spp.",252
-0.828469076413674,-1.01002205935801,-0.646583115461841,"Global","Diarrheal diseases","Deaths","Both","Clostridium difficile","att","Enterobacter spp.",253
-0.912980684191045,-1.08812112246449,-0.737530129746844,"Global","Diarrheal diseases","Deaths","Both","Clostridium difficile","att","Enterobacter spp.",254
-1.08635807226358,-1.28907599121545,-0.88322384118541,"Global","Diarrheal diseases","Deaths","Both","Clostridium difficile","att","Enterobacter spp.",255
-0.935762439122545,-1.1130084825675,-0.758198698077173,"Global","Diarrheal diseases","Deaths","Both","Clostridium difficile","att","Enterobacter spp.",256
-0.960561635981749,-1.15359085696409,-0.767155463722413,"Global","Diarrheal diseases","Deaths","Both","Clostridium difficile","att","Enterobacter spp.",257
-0.915387768273357,-1.07971639094033,-0.75078615916474,"Global","Diarrheal diseases","Deaths","Both","Clostridium difficile","att","Enterobacter spp.",258
-0.830467868989582,-1.02305142611914,-0.637509594039243,"Global","Diarrheal diseases","Deaths","Both","Clostridium difficile","att","Enterobacter spp.",259
-0.776326591958088,-0.951042232363075,-0.601302765018996,"Global","Diarrheal diseases","Deaths","Both","Clostridium difficile","att","Enterobacter spp.",260
-0.900953233112456,-1.07521629526199,-0.726383194149904,"Global","Diarrheal diseases","Deaths","Both","Clostridium difficile","att","Enterobacter spp.",261
-0.952293926714975,-1.15916687859876,-0.744987991651358,"Global","Diarrheal diseases","Deaths","Both","Clostridium difficile","att","Enterobacter spp.",262
-0.879100380939635,-1.09511683145863,-0.662612132614504,"Global","Diarrheal diseases","Deaths","Both","Clostridium difficile","att","Enterobacter spp.",263
-0.801100404839183,-0.968530155553948,-0.633387585303291,"Global","Diarrheal diseases","Deaths","Both","Clostridium difficile","att","Enterobacter spp.",264
-1.00145911532908,-1.18085979411469,-0.821732744542092,"Global","Diarrheal diseases","Deaths","Both","Clostridium difficile","att","Enterobacter spp.",265
-1.00885875333873,-1.18073794359638,-0.836680608652274,"Global","Diarrheal diseases","Deaths","Both","Clostridium difficile","att","Enterobacter spp.",266
-0.971277828115036,-1.17227593592877,-0.769870925707217,"Global","Diarrheal diseases","Deaths","Both","Clostridium difficile","att","Enterobacter spp.",267
-0.820964704913141,-1.01963181825152,-0.621898839553048,"Global","Diarrheal diseases","Deaths","Both","Clostridium difficile","att","Enterobacter spp.",268
-0.89279068324507,-1.05871225985948,-0.726590861115417,"Global","Diarrheal diseases","Deaths","Both","Clostridium difficile","att","Enterobacter spp.",269
-0.893800622626906,-1.06865358491738,-0.718638622205148,"Global","Diarrheal diseases","Deaths","Both","Clostridium difficile","att","Enterobacter spp.",270
-0.936963302968097,-1.10501570528625,-0.768625328938433,"Global","Diarrheal diseases","Deaths","Both","Clostridium difficile","att","Enterobacter spp.",271
-0.868452210559634,-1.06258117109672,-0.673942342032774,"Global","Diarrheal diseases","Deaths","Both","Clostridium difficile","att","Enterobacter spp.",272
-1.00090935289265,-1.18784481890325,-0.813620237390356,"Global","Diarrheal diseases","Deaths","Both","Clostridium difficile","att","Enterobacter spp.",273
-0.936995531272533,-1.14121603674198,-0.732353151153398,"Global","Diarrheal diseases","Deaths","Both","Clostridium difficile","att","Enterobacter spp.",274
-0.857630815039423,-1.05033683045148,-0.664549501650746,"Global","Diarrheal diseases","Deaths","Both","Clostridium difficile","att","Enterobacter spp.",275
-1.02928433317857,-1.1985971106667,-0.859681409844504,"Global","Diarrheal diseases","Deaths","Both","Clostridium difficile","att","Enterobacter spp.",276
-0.845504483564641,-1.0267539150227,-0.663923130524702,"Global","Diarrheal diseases","Deaths","Both","Clostridium difficile","att","Enterobacter spp.",277
-1.00400606757727,-1.16979945917917,-0.837934547948227,"Global","Diarrheal diseases","Deaths","Both","Clostridium difficile","att","Enterobacter spp.",278
-0.899908621163337,-1.09600507465814,-0.703423368216072,"Global","Diarrheal diseases","Deaths","Both","Clostridium difficile","att","Enterobacter spp.",279
-0.871762707000179,-1.03583411456558,-0.707419287575328,"Global","Diarrheal diseases","Deaths","Both","Clostridium difficile","att","Enterobacter spp.",280
-0.871645015429479,-1.03607960029551,-0.706937212479619,"Global","Diarrheal diseases","Deaths","Both","Clostridium difficile","att","Enterobacter spp.",281
-0.864432590620834,-1.07366267260049,-0.65475998515967,"Global","Diarrheal diseases","Deaths","Both","Clostridium difficile","att","Enterobacter spp.",282
-0.864239370205189,-1.02788539643667,-0.700322762487104,"Global","Diarrheal diseases","Deaths","Both","Clostridium difficile","att","Enterobacter spp.",283
-0.89663094763609,-1.06074879242721,-0.732240868452139,"Global","Diarrheal diseases","Deaths","Both","Clostridium difficile","att","Enterobacter spp.",284
-0.85680386494652,-1.03329868540893,-0.679994287891861,"Global","Diarrheal diseases","Deaths","Both","Clostridium difficile","att","Enterobacter spp.",285
-0.83201804836851,-1.00013601353941,-0.663614591389083,"Global","Diarrheal diseases","Deaths","Both","Clostridium difficile","att","Enterobacter spp.",286
-0.929192669277801,-1.12832071397864,-0.729663579722939,"Global","Diarrheal diseases","Deaths","Both","Clostridium difficile","att","Enterobacter spp.",287
-0.97433343671175,-1.16582042992625,-0.782475445642772,"Global","Diarrheal diseases","Deaths","Both","Clostridium difficile","att","Enterobacter spp.",288
-0.884400115173822,-1.06139964827051,-0.707083932815833,"Global","Diarrheal diseases","Deaths","Both","Clostridium difficile","att","Enterobacter spp.",289
-0.916029178260824,-1.09805890196573,-0.733664427559044,"Global","Diarrheal diseases","Deaths","Both","Clostridium difficile","att","Enterobacter spp.",290
-0.808523869017419,-1.00942529993624,-0.607214708523662,"Global","Diarrheal diseases","Deaths","Both","Clostridium difficile","att","Enterobacter spp.",291
-0.931054701831813,-1.12209864031066,-0.739641643600941,"Global","Diarrheal diseases","Deaths","Both","Clostridium difficile","att","Enterobacter spp.",292
-0.97593071438653,-1.1690494259783,-0.782434642903451,"Global","Diarrheal diseases","Deaths","Both","Clostridium difficile","att","Enterobacter spp.",293
-0.989553653452979,-1.16985390496661,-0.80892447213422,"Global","Diarrheal diseases","Deaths","Both","Clostridium difficile","att","Enterobacter spp.",294
-0.984817380959913,-1.16178084497418,-0.807537075263731,"Global","Diarrheal diseases","Deaths","Both","Clostridium difficile","att","Enterobacter spp.",295
-0.867207861901875,-1.03042898449719,-0.703717554196559,"Global","Diarrheal diseases","Deaths","Both","Clostridium difficile","att","Enterobacter spp.",296
-0.841905679539101,-1.02556586874524,-0.657904684493604,"Global","Diarrheal diseases","Deaths","Both","Clostridium difficile","att","Enterobacter spp.",297
-0.821352918198992,-1.05398149298425,-0.588177418387115,"Global","Diarrheal diseases","Deaths","Both","Clostridium difficile","att","Enterobacter spp.",298
-0.969411990641578,-1.13521254213784,-0.803333384404248,"Global","Diarrheal diseases","Deaths","Both","Clostridium difficile","att","Enterobacter spp.",299
-0.846426974471992,-1.04485807333441,-0.647597969040703,"Global","Diarrheal diseases","Deaths","Both","Clostridium difficile","att","Enterobacter spp.",300
-0.832785106095979,-0.996804673766938,-0.668493805593662,"Global","Diarrheal diseases","Deaths","Both","Clostridium difficile","att","Enterobacter spp.",301
-0.83522597176291,-1.03026559555572,-0.639801983446142,"Global","Diarrheal diseases","Deaths","Both","Clostridium difficile","att","Enterobacter spp.",302
-1.00610443059789,-1.19946082188992,-0.812369633536369,"Global","Diarrheal diseases","Deaths","Both","Clostridium difficile","att","Enterobacter spp.",303
-0.852272633603579,-1.02003394818743,-0.684226980079317,"Global","Diarrheal diseases","Deaths","Both","Clostridium difficile","att","Enterobacter spp.",304
-0.959665492926476,-1.14968043599168,-0.769285293797894,"Global","Diarrheal diseases","Deaths","Both","Clostridium difficile","att","Enterobacter spp.",305
-0.827739265969918,-1.00010491170233,-0.655073519759597,"Global","Diarrheal diseases","Deaths","Both","Clostridium difficile","att","Enterobacter spp.",306
-0.973973656589922,-1.16634663330029,-0.781226238979038,"Global","Diarrheal diseases","Deaths","Both","Clostridium difficile","att","Enterobacter spp.",307
-0.828484788602402,-1.00902636792369,-0.647613934189983,"Global","Diarrheal diseases","Deaths","Both","Clostridium difficile","att","Enterobacter spp.",308
-0.955509128226739,-1.13006423404857,-0.780645844952055,"Global","Diarrheal diseases","Deaths","Both","Clostridium difficile","att","Enterobacter spp.",309
-0.901170347089564,-1.06488233686641,-0.737187456380572,"Global","Diarrheal diseases","Deaths","Both","Clostridium difficile","att","Enterobacter spp.",310
-0.876507904371726,-1.07167284979407,-0.680957939238469,"Global","Diarrheal diseases","Deaths","Both","Clostridium difficile","att","Enterobacter spp.",311
-0.84329220418079,-1.01396002254296,-0.672330127110721,"Global","Diarrheal diseases","Deaths","Both","Clostridium difficile","att","Enterobacter spp.",312
-0.859836485170884,-1.02247297934595,-0.696932752259583,"Global","Diarrheal diseases","Deaths","Both","Clostridium difficile","att","Enterobacter spp.",313
-0.833042739834877,-0.995754993871356,-0.670063070218274,"Global","Diarrheal diseases","Deaths","Both","Clostridium difficile","att","Enterobacter spp.",314
-0.878383207407374,-1.04228885863471,-0.714206075946755,"Global","Diarrheal diseases","Deaths","Both","Clostridium difficile","att","Enterobacter spp.",315
-0.90885963769971,-1.08620802442247,-0.73119327256721,"Global","Diarrheal diseases","Deaths","Both","Clostridium difficile","att","Enterobacter spp.",316
-0.939673160704435,-1.11781516134375,-0.761210226901654,"Global","Diarrheal diseases","Deaths","Both","Clostridium difficile","att","Enterobacter spp.",317
-0.786653158518325,-0.975332752569813,-0.597614058192286,"Global","Diarrheal diseases","Deaths","Both","Clostridium difficile","att","Enterobacter spp.",318
-0.933154689039839,-1.12769556834217,-0.738231031628533,"Global","Diarrheal diseases","Deaths","Both","Clostridium difficile","att","Enterobacter spp.",319
-0.942255642397827,-1.1223820405539,-0.76180110608487,"Global","Diarrheal diseases","Deaths","Both","Clostridium difficile","att","Enterobacter spp.",320
-0.899503332349405,-1.10002788066955,-0.698572210664095,"Global","Diarrheal diseases","Deaths","Both","Clostridium difficile","att","Enterobacter spp.",321
-0.913086528228069,-1.09744785599892,-0.728381537948608,"Global","Diarrheal diseases","Deaths","Both","Clostridium difficile","att","Enterobacter spp.",322
-0.997275081330062,-1.18947582661217,-0.804700477829967,"Global","Diarrheal diseases","Deaths","Both","Clostridium difficile","att","Enterobacter spp.",323
-1.05176519719898,-1.24041332563379,-0.86275671775865,"Global","Diarrheal diseases","Deaths","Both","Clostridium difficile","att","Enterobacter spp.",324
-0.837156849699583,-1.02972478840497,-0.644214228687423,"Global","Diarrheal diseases","Deaths","Both","Clostridium difficile","att","Enterobacter spp.",325
-0.854344289776143,-1.06047587308042,-0.647783249892087,"Global","Diarrheal diseases","Deaths","Both","Clostridium difficile","att","Enterobacter spp.",326
-0.865865906757113,-1.04020373889443,-0.691220943028348,"Global","Diarrheal diseases","Deaths","Both","Clostridium difficile","att","Enterobacter spp.",327
-0.804116170218605,-1.00535670877614,-0.602466541300084,"Global","Diarrheal diseases","Deaths","Both","Clostridium difficile","att","Enterobacter spp.",328
-0.795446239727982,-0.984604226492836,-0.605926887503971,"Global","Diarrheal diseases","Deaths","Both","Clostridium difficile","att","Enterobacter spp.",329
-0.84680593869696,-1.02252558374718,-0.670774329800028,"Global","Diarrheal diseases","Deaths","Both","Clostridium difficile","att","Enterobacter spp.",330
-0.93580724058675,-1.1323384807389,-0.738885331455874,"Global","Diarrheal diseases","Deaths","Both","Clostridium difficile","att","Enterobacter spp.",331
-1.01737618978105,-1.1871604027722,-0.847300246695926,"Global","Diarrheal diseases","Deaths","Both","Clostridium difficile","att","Enterobacter spp.",332
-0.926636942795245,-1.12085294666826,-0.73203946459437,"Global","Diarrheal diseases","Deaths","Both","Clostridium difficile","att","Enterobacter spp.",333
-0.912700396297406,-1.08322345341956,-0.741883373742636,"Global","Diarrheal diseases","Deaths","Both","Clostridium difficile","att","Enterobacter spp.",334
-0.913868861943001,-1.09317956982512,-0.734233077086188,"Global","Diarrheal diseases","Deaths","Both","Clostridium difficile","att","Enterobacter spp.",335
-0.820642300485852,-0.989839818839888,-0.651155642106549,"Global","Diarrheal diseases","Deaths","Both","Clostridium difficile","att","Enterobacter spp.",336
-0.998578293037244,-1.16129928673748,-0.835589407088333,"Global","Diarrheal diseases","Deaths","Both","Clostridium difficile","att","Enterobacter spp.",337
-0.936118924208518,-1.09974647871299,-0.772220652737809,"Global","Diarrheal diseases","Deaths","Both","Clostridium difficile","att","Enterobacter spp.",338
-0.78939645192293,-0.953465216725313,-0.625055910226557,"Global","Diarrheal diseases","Deaths","Both","Clostridium difficile","att","Enterobacter spp.",339
-0.832032514885028,-1.02998214250185,-0.633686968828229,"Global","Diarrheal diseases","Deaths","Both","Clostridium difficile","att","Enterobacter spp.",340
-0.966184950060056,-1.14595719104916,-0.786085782040835,"Global","Diarrheal diseases","Deaths","Both","Clostridium difficile","att","Enterobacter spp.",341
-0.892731861802798,-1.08446737102037,-0.700624697047225,"Global","Diarrheal diseases","Deaths","Both","Clostridium difficile","att","Enterobacter spp.",342
-0.812561130646905,-0.975649476535145,-0.649204186091523,"Global","Diarrheal diseases","Deaths","Both","Clostridium difficile","att","Enterobacter spp.",343
-0.930406389381011,-1.10070063272694,-0.759818917169941,"Global","Diarrheal diseases","Deaths","Both","Clostridium difficile","att","Enterobacter spp.",344
-0.894075343603218,-1.11148326424038,-0.676189448318276,"Global","Diarrheal diseases","Deaths","Both","Clostridium difficile","att","Enterobacter spp.",345
-0.878807906454993,-1.050491097582,-0.706826834939878,"Global","Diarrheal diseases","Deaths","Both","Clostridium difficile","att","Enterobacter spp.",346
-0.84128025640211,-1.01324400535256,-0.669017765153701,"Global","Diarrheal diseases","Deaths","Both","Clostridium difficile","att","Enterobacter spp.",347
-0.960136722583071,-1.19359083517997,-0.726131018007992,"Global","Diarrheal diseases","Deaths","Both","Clostridium difficile","att","Enterobacter spp.",348
-0.858157308308083,-1.02604653272783,-0.689983293893703,"Global","Diarrheal diseases","Deaths","Both","Clostridium difficile","att","Enterobacter spp.",349
-0.778602598937184,-0.942791654697628,-0.614141396944456,"Global","Diarrheal diseases","Deaths","Both","Clostridium difficile","att","Enterobacter spp.",350
-0.91829014536623,-1.0996517804333,-0.736595932676665,"Global","Diarrheal diseases","Deaths","Both","Clostridium difficile","att","Enterobacter spp.",351
-0.848872021080072,-1.03635735296183,-0.661031500679277,"Global","Diarrheal diseases","Deaths","Both","Clostridium difficile","att","Enterobacter spp.",352
-0.887319865446312,-1.07601495910711,-0.698264840487173,"Global","Diarrheal diseases","Deaths","Both","Clostridium difficile","att","Enterobacter spp.",353
-0.963092415242128,-1.15565341312494,-0.770156284747436,"Global","Diarrheal diseases","Deaths","Both","Clostridium difficile","att","Enterobacter spp.",354
-0.822559918947441,-1.0093980412572,-0.635369152212273,"Global","Diarrheal diseases","Deaths","Both","Clostridium difficile","att","Enterobacter spp.",355
-0.940069338741467,-1.12718485030397,-0.752599713516744,"Global","Diarrheal diseases","Deaths","Both","Clostridium difficile","att","Enterobacter spp.",356
-0.899279560458155,-1.09282054531744,-0.70535985574226,"Global","Diarrheal diseases","Deaths","Both","Clostridium difficile","att","Enterobacter spp.",357
-0.826347547573381,-0.989149687480051,-0.663277714412136,"Global","Diarrheal diseases","Deaths","Both","Clostridium difficile","att","Enterobacter spp.",358
-0.937073807429034,-1.1163058818168,-0.757516865157071,"Global","Diarrheal diseases","Deaths","Both","Clostridium difficile","att","Enterobacter spp.",359
-1.0028700811793,-1.17754677251278,-0.827884634643938,"Global","Diarrheal diseases","Deaths","Both","Clostridium difficile","att","Enterobacter spp.",360
-0.798859789582884,-0.995917819342218,-0.601409534914865,"Global","Diarrheal diseases","Deaths","Both","Clostridium difficile","att","Enterobacter spp.",361
-0.848900011379217,-1.03206130635949,-0.665399737327332,"Global","Diarrheal diseases","Deaths","Both","Clostridium difficile","att","Enterobacter spp.",362
-0.824810536486109,-1.00891742585659,-0.640361239033682,"Global","Diarrheal diseases","Deaths","Both","Clostridium difficile","att","Enterobacter spp.",363
-0.841858406630236,-1.00522297482079,-0.678224248639692,"Global","Diarrheal diseases","Deaths","Both","Clostridium difficile","att","Enterobacter spp.",364
-0.850756215367054,-1.04656007988816,-0.654564904453059,"Global","Diarrheal diseases","Deaths","Both","Clostridium difficile","att","Enterobacter spp.",365
-0.934872516627139,-1.13237131422053,-0.736979193792575,"Global","Diarrheal diseases","Deaths","Both","Clostridium difficile","att","Enterobacter spp.",366
-1.00196569645157,-1.21084703140961,-0.792642699521695,"Global","Diarrheal diseases","Deaths","Both","Clostridium difficile","att","Enterobacter spp.",367
-0.954852687325736,-1.14361361217739,-0.765731333693975,"Global","Diarrheal diseases","Deaths","Both","Clostridium difficile","att","Enterobacter spp.",368
-0.992602037419654,-1.18869505682245,-0.796119867481082,"Global","Diarrheal diseases","Deaths","Both","Clostridium difficile","att","Enterobacter spp.",369
-0.893180389594384,-1.08847011520713,-0.697505086314676,"Global","Diarrheal diseases","Deaths","Both","Clostridium difficile","att","Enterobacter spp.",370
-0.986400382109442,-1.20054031749541,-0.771796315521989,"Global","Diarrheal diseases","Deaths","Both","Clostridium difficile","att","Enterobacter spp.",371
-0.878843922747607,-1.10575409537677,-0.65141311086413,"Global","Diarrheal diseases","Deaths","Both","Clostridium difficile","att","Enterobacter spp.",372
-0.813151680642032,-1.00519764770099,-0.620733152068842,"Global","Diarrheal diseases","Deaths","Both","Clostridium difficile","att","Enterobacter spp.",373
-0.858664881871229,-1.0873816599563,-0.629419239365669,"Global","Diarrheal diseases","Deaths","Both","Clostridium difficile","att","Enterobacter spp.",374
-0.759150150715615,-0.951274882733177,-0.566652754510721,"Global","Diarrheal diseases","Deaths","Both","Clostridium difficile","att","Enterobacter spp.",375
-0.883230795249623,-1.1014865222803,-0.664493407163524,"Global","Diarrheal diseases","Deaths","Both","Clostridium difficile","att","Enterobacter spp.",376
-0.860980944071044,-1.02509541571391,-0.696594347287804,"Global","Diarrheal diseases","Deaths","Both","Clostridium difficile","att","Enterobacter spp.",377
-0.922975232482237,-1.08539161194974,-0.760292167630738,"Global","Diarrheal diseases","Deaths","Both","Clostridium difficile","att","Enterobacter spp.",378
-0.869110342415202,-1.03829368119907,-0.699637770521022,"Global","Diarrheal diseases","Deaths","Both","Clostridium difficile","att","Enterobacter spp.",379
-0.943181191864373,-1.10688559936756,-0.779205793471704,"Global","Diarrheal diseases","Deaths","Both","Clostridium difficile","att","Enterobacter spp.",380
-0.927831871885554,-1.12966652031556,-0.725585196673861,"Global","Diarrheal diseases","Deaths","Both","Clostridium difficile","att","Enterobacter spp.",381
-0.796897675782482,-0.963601121822666,-0.629913625446954,"Global","Diarrheal diseases","Deaths","Both","Clostridium difficile","att","Enterobacter spp.",382
-0.866407177571682,-1.06365305071483,-0.668768062352476,"Global","Diarrheal diseases","Deaths","Both","Clostridium difficile","att","Enterobacter spp.",383
-0.944103820354181,-1.16101963674392,-0.726711952195924,"Global","Diarrheal diseases","Deaths","Both","Clostridium difficile","att","Enterobacter spp.",384
-0.838662433243975,-1.04677143165474,-0.630115759824057,"Global","Diarrheal diseases","Deaths","Both","Clostridium difficile","att","Enterobacter spp.",385
-0.66391811808314,-0.881071475044415,-0.44628901364212,"Global","Diarrheal diseases","Deaths","Both","Clostridium difficile","att","Enterobacter spp.",386
-0.892987262587297,-1.0651209086286,-0.720554126695994,"Global","Diarrheal diseases","Deaths","Both","Clostridium difficile","att","Enterobacter spp.",387
-0.89652651759814,-1.07748483121889,-0.715237178111205,"Global","Diarrheal diseases","Deaths","Both","Clostridium difficile","att","Enterobacter spp.",388
-0.95385747258252,-1.15216072888453,-0.755156390877854,"Global","Diarrheal diseases","Deaths","Both","Clostridium difficile","att","Enterobacter spp.",389
-0.838734288403986,-1.0008074607521,-0.676395783455463,"Global","Diarrheal diseases","Deaths","Both","Clostridium difficile","att","Enterobacter spp.",390
-0.858150071424391,-1.0217428325177,-0.694286921740195,"Global","Diarrheal diseases","Deaths","Both","Clostridium difficile","att","Enterobacter spp.",391
-0.765191708618451,-0.947249636074965,-0.582799160580194,"Global","Diarrheal diseases","Deaths","Both","Clostridium difficile","att","Enterobacter spp.",392
-0.838793434904705,-1.03547744565987,-0.641718530533453,"Global","Diarrheal diseases","Deaths","Both","Clostridium difficile","att","Enterobacter spp.",393
-0.857931677001178,-1.05686844876066,-0.658594919527311,"Global","Diarrheal diseases","Deaths","Both","Clostridium difficile","att","Enterobacter spp.",394
-0.828590521129391,-0.992462436687569,-0.66444737364918,"Global","Diarrheal diseases","Deaths","Both","Clostridium difficile","att","Enterobacter spp.",395
-0.869668894323539,-1.03368245406077,-0.705383520413105,"Global","Diarrheal diseases","Deaths","Both","Clostridium difficile","att","Enterobacter spp.",396
-0.938910298911666,-1.12547496205102,-0.751993610075918,"Global","Diarrheal diseases","Deaths","Both","Clostridium difficile","att","Enterobacter spp.",397
-0.901940344711916,-1.10684139169355,-0.696614754317526,"Global","Diarrheal diseases","Deaths","Both","Clostridium difficile","att","Enterobacter spp.",398
-0.994385025551126,-1.18597469860136,-0.80242388091365,"Global","Diarrheal diseases","Deaths","Both","Clostridium difficile","att","Enterobacter spp.",399
-0.958767249726711,-1.1386673439767,-0.778539787404287,"Global","Diarrheal diseases","Deaths","Both","Clostridium difficile","att","Enterobacter spp.",400
-0.968142283978557,-1.14746766451902,-0.78849159470451,"Global","Diarrheal diseases","Deaths","Both","Clostridium difficile","att","Enterobacter spp.",401
-1.00071998400078,-1.21474109483272,-0.786235190263207,"Global","Diarrheal diseases","Deaths","Both","Clostridium difficile","att","Enterobacter spp.",402
-0.985495416223825,-1.17690910204237,-0.793710974959505,"Global","Diarrheal diseases","Deaths","Both","Clostridium difficile","att","Enterobacter spp.",403
-0.687244206479254,-0.86886758048651,-0.505288070713106,"Global","Diarrheal diseases","Deaths","Both","Clostridium difficile","att","Enterobacter spp.",404
-1.08221612679962,-1.25718262988589,-0.906939593292733,"Global","Diarrheal diseases","Deaths","Both","Clostridium difficile","att","Enterobacter spp.",405
-0.942451381744014,-1.13205064247676,-0.752488526136452,"Global","Diarrheal diseases","Deaths","Both","Clostridium difficile","att","Enterobacter spp.",406
-0.828574451444075,-0.992351648845635,-0.664526335877769,"Global","Diarrheal diseases","Deaths","Both","Clostridium difficile","att","Enterobacter spp.",407
-0.902065559636711,-1.11775928298076,-0.685901339447592,"Global","Diarrheal diseases","Deaths","Both","Clostridium difficile","att","Enterobacter spp.",408
-0.913762909394533,-1.1311807544183,-0.695866950849267,"Global","Diarrheal diseases","Deaths","Both","Clostridium difficile","att","Enterobacter spp.",409
-0.891509292928983,-1.05492092561933,-0.727827779594259,"Global","Diarrheal diseases","Deaths","Both","Clostridium difficile","att","Enterobacter spp.",410
-1.00302736333118,-1.20548443331036,-0.800155403264735,"Global","Diarrheal diseases","Deaths","Both","Clostridium difficile","att","Enterobacter spp.",411
-0.933630566546229,-1.13338832142327,-0.733469205639248,"Global","Diarrheal diseases","Deaths","Both","Clostridium difficile","att","Enterobacter spp.",412
-0.727145337080304,-0.929665424281256,-0.524211257276064,"Global","Diarrheal diseases","Deaths","Both","Clostridium difficile","att","Enterobacter spp.",413
-0.913429131417487,-1.11338846444996,-0.713065459170181,"Global","Diarrheal diseases","Deaths","Both","Clostridium difficile","att","Enterobacter spp.",414
-0.990643758342424,-1.17281266264884,-0.808139060712421,"Global","Diarrheal diseases","Deaths","Both","Clostridium difficile","att","Enterobacter spp.",415
-0.779145144529614,-0.944711246769347,-0.613302306594543,"Global","Diarrheal diseases","Deaths","Both","Clostridium difficile","att","Enterobacter spp.",416
-0.994857157104823,-1.17841378189641,-0.810959584188498,"Global","Diarrheal diseases","Deaths","Both","Clostridium difficile","att","Enterobacter spp.",417
-0.937855943184529,-1.14588653811758,-0.729387564461681,"Global","Diarrheal diseases","Deaths","Both","Clostridium difficile","att","Enterobacter spp.",418
-0.965027396419138,-1.12739616583586,-0.802391984714668,"Global","Diarrheal diseases","Deaths","Both","Clostridium difficile","att","Enterobacter spp.",419
-0.894846329813892,-1.10002109988064,-0.68924591065459,"Global","Diarrheal diseases","Deaths","Both","Clostridium difficile","att","Enterobacter spp.",420
-0.855901129458225,-1.02012397794449,-0.691405809990497,"Global","Diarrheal diseases","Deaths","Both","Clostridium difficile","att","Enterobacter spp.",421
-0.918536498073996,-1.11444637629469,-0.722238487522775,"Global","Diarrheal diseases","Deaths","Both","Clostridium difficile","att","Enterobacter spp.",422
-0.816227244412615,-0.987174844387961,-0.644984500026513,"Global","Diarrheal diseases","Deaths","Both","Clostridium difficile","att","Enterobacter spp.",423
-0.846781442891209,-1.02776201393255,-0.665469930893481,"Global","Diarrheal diseases","Deaths","Both","Clostridium difficile","att","Enterobacter spp.",424
-0.816669409838633,-1.02334923370516,-0.60955800388417,"Global","Diarrheal diseases","Deaths","Both","Clostridium difficile","att","Enterobacter spp.",425
-0.902645989660189,-1.11258647400051,-0.692259796352535,"Global","Diarrheal diseases","Deaths","Both","Clostridium difficile","att","Enterobacter spp.",426
-0.890214382799859,-1.05512348893946,-0.725030426518969,"Global","Diarrheal diseases","Deaths","Both","Clostridium difficile","att","Enterobacter spp.",427
-0.880507605694902,-1.04388023278612,-0.716865256879096,"Global","Diarrheal diseases","Deaths","Both","Clostridium difficile","att","Enterobacter spp.",428
-0.815190430355406,-1.0288588378992,-0.601060734926617,"Global","Diarrheal diseases","Deaths","Both","Clostridium difficile","att","Enterobacter spp.",429
-0.977706921515342,-1.15941192838365,-0.795667874652284,"Global","Diarrheal diseases","Deaths","Both","Clostridium difficile","att","Enterobacter spp.",430
-0.90516686565244,-1.08307676124877,-0.726936985063498,"Global","Diarrheal diseases","Deaths","Both","Clostridium difficile","att","Enterobacter spp.",431
-1.00100989539159,-1.1923495229086,-0.809299741373026,"Global","Diarrheal diseases","Deaths","Both","Clostridium difficile","att","Enterobacter spp.",432
-0.869607650541537,-1.03698570683363,-0.701946504512063,"Global","Diarrheal diseases","Deaths","Both","Clostridium difficile","att","Enterobacter spp.",433
-0.88531517556697,-1.10181327420573,-0.668343140769545,"Global","Diarrheal diseases","Deaths","Both","Clostridium difficile","att","Enterobacter spp.",434
-0.884774997063142,-1.0765368779478,-0.69264138820011,"Global","Diarrheal diseases","Deaths","Both","Clostridium difficile","att","Enterobacter spp.",435
-0.963897304588379,-1.16192244577632,-0.765475413913685,"Global","Diarrheal diseases","Deaths","Both","Clostridium difficile","att","Enterobacter spp.",436
-0.922235549036898,-1.08639775865866,-0.757800887189575,"Global","Diarrheal diseases","Deaths","Both","Clostridium difficile","att","Enterobacter spp.",437
-1.03381879076223,-1.23563221761195,-0.831592981793627,"Global","Diarrheal diseases","Deaths","Both","Clostridium difficile","att","Enterobacter spp.",438
-0.810510527930031,-1.00704028814328,-0.613590599095071,"Global","Diarrheal diseases","Deaths","Both","Clostridium difficile","att","Enterobacter spp.",439
-0.987155776704196,-1.19571193355037,-0.778159399383682,"Global","Diarrheal diseases","Deaths","Both","Clostridium difficile","att","Enterobacter spp.",440
-0.852917744078729,-1.06556018236461,-0.639818267711445,"Global","Diarrheal diseases","Deaths","Both","Clostridium difficile","att","Enterobacter spp.",441
-0.912678740807349,-1.09678560647337,-0.728229162943406,"Global","Diarrheal diseases","Deaths","Both","Clostridium difficile","att","Enterobacter spp.",442
-1.03421659263879,-1.21374324358522,-0.854363683572479,"Global","Diarrheal diseases","Deaths","Both","Clostridium difficile","att","Enterobacter spp.",443
-0.966908444960668,-1.17429411421591,-0.759087577034934,"Global","Diarrheal diseases","Deaths","Both","Clostridium difficile","att","Enterobacter spp.",444
-0.90067697769064,-1.10023987510632,-0.700711396284881,"Global","Diarrheal diseases","Deaths","Both","Clostridium difficile","att","Enterobacter spp.",445
-0.972927587617312,-1.14775776754129,-0.797788202852623,"Global","Diarrheal diseases","Deaths","Both","Clostridium difficile","att","Enterobacter spp.",446
-0.869611236223755,-1.03740558956666,-0.701532382002701,"Global","Diarrheal diseases","Deaths","Both","Clostridium difficile","att","Enterobacter spp.",447
-0.95786300644064,-1.14077130255149,-0.774616295340846,"Global","Diarrheal diseases","Deaths","Both","Clostridium difficile","att","Enterobacter spp.",448
-1.04770919997187,-1.24768915161489,-0.847324275718919,"Global","Diarrheal diseases","Deaths","Both","Clostridium difficile","att","Enterobacter spp.",449
-0.913509309550908,-1.07713879179614,-0.749609165831333,"Global","Diarrheal diseases","Deaths","Both","Clostridium difficile","att","Enterobacter spp.",450
-0.870381560661337,-1.05750034774224,-0.682908896928824,"Global","Diarrheal diseases","Deaths","Both","Clostridium difficile","att","Enterobacter spp.",451
-0.855530199377874,-1.03721406127421,-0.673512787598507,"Global","Diarrheal diseases","Deaths","Both","Clostridium difficile","att","Enterobacter spp.",452
-0.97043989211506,-1.1339392461571,-0.806670151667732,"Global","Diarrheal diseases","Deaths","Both","Clostridium difficile","att","Enterobacter spp.",453
-0.866607812266129,-1.03940049710084,-0.69351341834637,"Global","Diarrheal diseases","Deaths","Both","Clostridium difficile","att","Enterobacter spp.",454
-0.996543951673645,-1.16509011770155,-0.827710358762712,"Global","Diarrheal diseases","Deaths","Both","Clostridium difficile","att","Enterobacter spp.",455
-0.900722741282822,-1.08135089699382,-0.719764753624752,"Global","Diarrheal diseases","Deaths","Both","Clostridium difficile","att","Enterobacter spp.",456
-0.817353262604303,-1.02448773151693,-0.609785305779076,"Global","Diarrheal diseases","Deaths","Both","Clostridium difficile","att","Enterobacter spp.",457
-0.823507186065109,-1.02255154405644,-0.62406254844376,"Global","Diarrheal diseases","Deaths","Both","Clostridium difficile","att","Enterobacter spp.",458
-0.819339809725328,-1.00726676548549,-0.631056095044102,"Global","Diarrheal diseases","Deaths","Both","Clostridium difficile","att","Enterobacter spp.",459
-0.942478004088487,-1.11451804568878,-0.770138648824259,"Global","Diarrheal diseases","Deaths","Both","Clostridium difficile","att","Enterobacter spp.",460
-1.07679981654123,-1.29162019759269,-0.861511918991098,"Global","Diarrheal diseases","Deaths","Both","Clostridium difficile","att","Enterobacter spp.",461
-0.884176292808447,-1.07066497124292,-0.69733607024226,"Global","Diarrheal diseases","Deaths","Both","Clostridium difficile","att","Enterobacter spp.",462
-0.930691455776034,-1.11940462732295,-0.741618125989973,"Global","Diarrheal diseases","Deaths","Both","Clostridium difficile","att","Enterobacter spp.",463
-0.994296251876736,-1.16178222678824,-0.826526464160582,"Global","Diarrheal diseases","Deaths","Both","Clostridium difficile","att","Enterobacter spp.",464
-0.945220590299978,-1.11870236664666,-0.771434449756581,"Global","Diarrheal diseases","Deaths","Both","Clostridium difficile","att","Enterobacter spp.",465
-0.912722622058249,-1.12397723872265,-0.701016647098718,"Global","Diarrheal diseases","Deaths","Both","Clostridium difficile","att","Enterobacter spp.",466
-0.965562499597883,-1.15734895182934,-0.773403920123084,"Global","Diarrheal diseases","Deaths","Both","Clostridium difficile","att","Enterobacter spp.",467
-0.808736349138028,-0.991094252217362,-0.626042573193875,"Global","Diarrheal diseases","Deaths","Both","Clostridium difficile","att","Enterobacter spp.",468
-0.808685875256543,-1.01119644063814,-0.60576101525156,"Global","Diarrheal diseases","Deaths","Both","Clostridium difficile","att","Enterobacter spp.",469
-0.809689923290857,-1.00880920224156,-0.610170118930486,"Global","Diarrheal diseases","Deaths","Both","Clostridium difficile","att","Enterobacter spp.",470
-0.916479585515839,-1.12880265707074,-0.703700556230835,"Global","Diarrheal diseases","Deaths","Both","Clostridium difficile","att","Enterobacter spp.",471
-1.04933061627077,-1.23766962895839,-0.860632442518738,"Global","Diarrheal diseases","Deaths","Both","Clostridium difficile","att","Enterobacter spp.",472
-0.798607255704553,-0.999053541549899,-0.597755128148136,"Global","Diarrheal diseases","Deaths","Both","Clostridium difficile","att","Enterobacter spp.",473
-0.83765867841552,-1.00254617021419,-0.672496554453095,"Global","Diarrheal diseases","Deaths","Both","Clostridium difficile","att","Enterobacter spp.",474
-0.91888697746394,-1.08980207444475,-0.74767654217639,"Global","Diarrheal diseases","Deaths","Both","Clostridium difficile","att","Enterobacter spp.",475
-0.841748105002971,-1.08653470791267,-0.596355715198771,"Global","Diarrheal diseases","Deaths","Both","Clostridium difficile","att","Enterobacter spp.",476
-0.926281335221801,-1.12085283584056,-0.731326962481482,"Global","Diarrheal diseases","Deaths","Both","Clostridium difficile","att","Enterobacter spp.",477
-0.979589902094113,-1.17377223453903,-0.785026023382729,"Global","Diarrheal diseases","Deaths","Both","Clostridium difficile","att","Enterobacter spp.",478
-0.906293486552656,-1.09150998981264,-0.72073014599815,"Global","Diarrheal diseases","Deaths","Both","Clostridium difficile","att","Enterobacter spp.",479
-0.773697019824959,-1.00335002397063,-0.543511265305163,"Global","Diarrheal diseases","Deaths","Both","Clostridium difficile","att","Enterobacter spp.",480
-0.935123890645484,-1.10022850795443,-0.769743645453436,"Global","Diarrheal diseases","Deaths","Both","Clostridium difficile","att","Enterobacter spp.",481
-0.86725052133737,-1.0883133658477,-0.645693612041709,"Global","Diarrheal diseases","Deaths","Both","Clostridium difficile","att","Enterobacter spp.",482
-0.928793734635658,-1.10983315241535,-0.747422885816518,"Global","Diarrheal diseases","Deaths","Both","Clostridium difficile","att","Enterobacter spp.",483
-0.840936799760195,-1.03305316944222,-0.64844749041818,"Global","Diarrheal diseases","Deaths","Both","Clostridium difficile","att","Enterobacter spp.",484
-0.840240080153987,-1.07612516358577,-0.603792526108526,"Global","Diarrheal diseases","Deaths","Both","Clostridium difficile","att","Enterobacter spp.",485
-0.742545888772705,-0.915797911246574,-0.568990929375923,"Global","Diarrheal diseases","Deaths","Both","Clostridium difficile","att","Enterobacter spp.",486
-0.928019896560439,-1.09116888771986,-0.764601792997044,"Global","Diarrheal diseases","Deaths","Both","Clostridium difficile","att","Enterobacter spp.",487
-0.730357102994983,-0.926246846751355,-0.534080043824703,"Global","Diarrheal diseases","Deaths","Both","Clostridium difficile","att","Enterobacter spp.",488
-0.868626491248625,-1.03950885793754,-0.697449049394794,"Global","Diarrheal diseases","Deaths","Both","Clostridium difficile","att","Enterobacter spp.",489
-0.995720776255093,-1.17267401221727,-0.818450700315665,"Global","Diarrheal diseases","Deaths","Both","Clostridium difficile","att","Enterobacter spp.",490
-0.715675852869857,-0.879305460887025,-0.551776123171788,"Global","Diarrheal diseases","Deaths","Both","Clostridium difficile","att","Enterobacter spp.",491
-0.907226703662878,-1.09239869665529,-0.721708036941271,"Global","Diarrheal diseases","Deaths","Both","Clostridium difficile","att","Enterobacter spp.",492
-0.867979833031907,-1.04905359470882,-0.686574718211252,"Global","Diarrheal diseases","Deaths","Both","Clostridium difficile","att","Enterobacter spp.",493
-0.849069274646452,-1.02403245883164,-0.673796802089754,"Global","Diarrheal diseases","Deaths","Both","Clostridium difficile","att","Enterobacter spp.",494
-0.747742650261551,-0.94591057202712,-0.549178273130602,"Global","Diarrheal diseases","Deaths","Both","Clostridium difficile","att","Enterobacter spp.",495
-0.915684049543053,-1.07812047673449,-0.752980890734656,"Global","Diarrheal diseases","Deaths","Both","Clostridium difficile","att","Enterobacter spp.",496
-0.874525693156725,-1.05045499588325,-0.698283593443039,"Global","Diarrheal diseases","Deaths","Both","Clostridium difficile","att","Enterobacter spp.",497
-0.801719141630275,-0.981133668499967,-0.621979529515271,"Global","Diarrheal diseases","Deaths","Both","Clostridium difficile","att","Enterobacter spp.",498
-0.843362520074198,-1.02395075445278,-0.662444790725414,"Global","Diarrheal diseases","Deaths","Both","Clostridium difficile","att","Enterobacter spp.",499
-1.03513419099666,-1.25533606039122,-0.814441268603872,"Global","Diarrheal diseases","Deaths","Both","Clostridium difficile","att","Enterobacter spp.",500
